MatchID,TournamentID,VenueID,Date,HomeTeamID,AwayTeamID,FinalScore
1,1,11,2024-09-30,13,10,3-5
2,1,15,2024-09-19,3,6,4-3
3,1,5,2024-07-24,17,1,1-5
4,1,4,2024-05-26,18,20,2-2
5,1,28,2024-08-12,14,17,4-3
6,1,10,2024-09-25,11,10,1-3
7,1,4,2024-06-20,4,1,2-3
8,1,8,2024-07-21,19,2,0-1
9,1,39,2024-09-10,10,13,1-2
10,1,33,2024-09-08,13,4,2-3
11,1,17,2024-09-14,11,2,4-5
12,1,8,2024-10-06,2,13,5-3
13,1,18,2024-12-26,14,1,4-3
14,1,23,2024-09-27,17,3,5-4
15,1,14,2024-07-23,14,2,1-3
16,1,12,2024-10-24,20,8,2-2
17,1,30,2024-11-21,18,20,5-0
18,1,3,2024-07-02,4,11,3-2
19,1,19,2024-06-28,6,8,5-4
20,1,22,2024-11-19,13,10,3-2
21,1,20,2024-05-22,19,10,3-1
22,1,11,2024-11-29,9,5,4-2
23,1,32,2024-10-05,16,19,0-2
24,1,36,2024-12-06,7,14,2-1
25,1,36,2024-09-09,18,3,5-1
26,1,20,2024-07-05,15,10,1-0
27,1,11,2025-01-08,8,13,3-4
28,1,8,2024-08-30,4,14,1-2
29,1,26,2024-08-26,1,10,0-1
30,1,28,2024-09-19,3,10,3-3
31,1,4,2024-09-09,16,8,3-0
32,1,19,2024-05-18,16,9,1-0
33,1,31,2024-12-27,13,1,1-2
34,1,19,2024-07-25,8,15,3-0
35,1,33,2024-10-21,16,19,4-0
36,1,12,2024-12-07,20,14,4-4
37,1,12,2024-06-09,2,8,1-3
38,1,35,2024-10-02,20,13,2-4
39,1,9,2024-09-19,19,11,1-0
40,1,3,2024-10-09,14,18,1-3
41,1,36,2024-08-13,8,12,3-0
42,1,12,2024-10-31,1,18,4-3
43,1,30,2024-10-21,15,8,2-0
44,1,37,2024-11-13,12,16,2-3
45,1,3,2024-07-12,16,8,5-1
46,1,17,2024-07-28,12,19,5-4
47,1,18,2024-08-24,20,5,3-0
48,1,4,2024-12-28,11,3,1-4
49,1,4,2024-09-20,20,6,4-4
50,1,37,2024-11-09,9,7,2-3
51,1,9,2024-10-23,4,7,4-3
52,1,18,2024-12-16,18,14,2-4
53,1,34,2024-12-28,6,20,5-3
54,1,26,2024-12-30,19,13,0-3
55,1,27,2024-06-09,7,20,2-0
56,1,5,2024-05-19,4,12,0-5
57,1,2,2024-05-28,20,16,0-0
58,1,40,2024-12-02,20,17,1-4
59,1,34,2024-10-23,12,16,5-1
60,1,10,2024-08-22,9,8,5-4
61,1,18,2024-07-31,19,18,5-3
62,1,38,2024-12-28,19,7,5-1
63,1,16,2024-07-03,10,11,4-5
64,1,25,2024-09-12,15,11,4-1
65,1,7,2024-09-20,20,12,2-5
66,1,20,2024-10-20,2,8,0-3
67,1,8,2024-08-05,4,19,1-5
68,1,10,2024-10-07,9,5,5-3
69,1,36,2024-08-13,1,16,2-2
70,1,39,2024-05-23,1,7,1-1
71,1,28,2024-06-01,18,1,1-3
72,1,10,2024-12-26,9,2,4-3
73,1,9,2024-05-20,10,4,3-1
74,1,24,2024-06-19,17,16,4-4
75,1,21,2024-12-24,12,17,3-4
76,1,6,2024-11-24,6,7,4-0
77,1,39,2024-07-29,20,17,2-2
78,1,40,2024-10-06,9,8,3-1
79,1,34,2024-09-11,18,4,2-4
80,1,16,2024-09-06,3,15,4-5
81,1,11,2024-10-02,7,11,1-3
82,1,17,2024-12-05,16,15,2-0
83,1,20,2024-11-22,2,15,2-1
84,1,23,2024-11-22,15,7,4-1
85,1,34,2024-11-08,7,19,4-4
86,1,16,2024-11-08,19,17,1-0
87,1,23,2024-10-23,6,8,5-2
88,1,24,2024-11-26,5,12,4-4
89,1,20,2024-05-25,3,7,0-3
90,1,27,2024-10-01,13,8,1-0
91,1,1,2024-12-26,6,17,1-2
92,1,26,2024-08-03,1,8,1-5
93,1,38,2024-11-29,19,1,4-5
94,1,17,2024-08-23,18,1,3-2
95,1,4,2024-08-28,12,5,3-1
96,1,19,2024-07-06,5,17,4-4
97,1,20,2024-11-08,18,19,3-2
98,1,14,2024-07-12,12,11,1-1
99,1,11,2024-05-31,3,12,0-3
100,1,15,2024-09-20,19,10,0-3
101,1,2,2024-08-17,19,4,0-0
102,1,21,2024-08-20,2,14,2-1
103,1,16,2024-06-25,16,7,0-1
104,1,2,2024-07-26,15,7,3-0
105,1,29,2024-10-21,3,16,3-3
106,1,28,2024-08-24,10,11,5-5
107,1,15,2024-07-17,6,1,0-5
108,1,27,2024-07-19,20,13,1-2
109,1,5,2024-07-25,13,7,3-1
110,1,32,2024-08-15,10,19,2-1
111,1,18,2024-11-10,7,5,2-1
112,1,30,2024-06-17,4,17,3-3
113,1,15,2024-08-06,9,6,1-1
114,1,5,2025-01-04,11,9,5-1
115,1,40,2024-08-03,8,15,5-2
116,1,35,2025-01-06,11,3,3-0
117,1,32,2024-05-30,14,7,2-0
118,1,18,2024-06-29,11,19,4-4
119,1,35,2024-06-10,19,6,4-5
120,1,6,2024-11-12,10,17,1-5
121,1,33,2024-11-26,13,10,5-5
122,1,27,2024-10-19,20,16,3-4
123,1,32,2024-10-19,7,18,4-3
124,1,22,2024-10-10,15,1,2-2
125,1,30,2024-06-09,18,2,4-5
126,1,4,2024-12-06,11,10,2-4
127,1,3,2024-11-20,8,15,4-4
128,1,33,2024-10-06,8,11,4-1
129,1,18,2024-09-14,5,13,1-2
130,1,23,2024-08-16,16,13,2-1
131,1,16,2024-07-23,11,5,3-5
132,1,5,2024-08-07,8,18,5-5
133,1,31,2024-11-01,6,18,3-0
134,1,20,2024-06-23,12,9,3-1
135,1,30,2024-12-22,17,14,0-2
136,1,4,2024-10-25,5,6,4-5
137,1,4,2024-06-02,9,16,1-1
138,1,38,2024-08-18,10,16,0-4
139,1,9,2024-09-20,18,12,5-4
140,1,22,2024-07-26,6,14,5-4
141,1,1,2024-07-15,13,17,0-5
142,1,13,2024-05-28,16,10,3-3
143,1,30,2024-10-03,10,3,2-0
144,1,2,2024-09-17,1,7,0-4
145,1,24,2024-05-31,16,6,5-4
146,1,34,2024-07-21,10,8,0-5
147,1,27,2024-11-11,1,5,3-3
148,1,28,2024-10-05,1,7,1-1
149,1,39,2024-08-03,6,1,1-1
150,1,36,2025-01-05,13,16,1-3
151,1,4,2024-11-11,2,9,1-4
152,1,24,2024-11-17,12,4,2-2
153,1,37,2024-05-17,12,18,2-5
154,1,19,2024-10-22,6,7,2-1
155,1,40,2024-08-09,3,20,2-3
156,1,26,2024-10-20,19,17,0-0
157,1,20,2024-12-01,17,1,3-4
158,1,5,2024-08-21,11,17,2-2
159,1,30,2024-05-20,17,15,1-1
160,1,12,2024-10-20,10,12,3-2
161,1,5,2024-07-05,3,15,0-0
162,1,25,2024-05-30,9,10,2-1
163,1,3,2025-01-08,10,17,1-1
164,1,20,2024-06-28,8,7,1-1
165,1,6,2024-11-26,20,18,1-5
166,1,6,2024-05-17,3,5,3-2
167,1,14,2024-07-04,5,20,4-5
168,1,36,2024-09-14,14,8,2-0
169,1,34,2024-07-21,16,15,4-1
170,1,37,2024-06-05,18,1,4-2
171,1,4,2024-07-20,8,10,0-5
172,1,17,2024-10-19,2,13,1-2
173,1,25,2024-10-04,18,19,5-1
174,1,8,2024-11-24,16,11,4-3
175,1,29,2024-09-12,8,9,0-5
176,1,33,2024-09-18,20,3,5-2
177,1,1,2024-10-15,7,5,1-5
178,1,11,2024-09-18,8,4,5-3
179,1,38,2024-11-07,4,7,2-4
180,1,10,2024-08-11,2,7,5-2
181,1,29,2024-06-10,16,18,2-5
182,1,26,2024-10-11,20,10,0-0
183,1,38,2024-11-28,6,14,0-2
184,1,28,2024-11-08,16,17,2-1
185,1,28,2024-07-05,20,12,3-4
186,1,33,2024-11-01,18,10,3-2
187,1,16,2024-08-05,14,10,2-4
188,1,35,2024-12-12,11,14,2-3
189,1,29,2024-10-19,15,17,0-3
190,1,20,2024-06-07,13,20,4-4
191,1,8,2024-05-16,11,16,1-5
192,1,29,2024-12-08,6,1,4-0
193,1,1,2024-11-10,18,4,0-0
194,1,20,2024-05-18,4,12,2-1
195,1,6,2024-11-03,18,15,3-0
196,1,29,2024-12-31,5,11,3-3
197,1,23,2024-09-05,6,17,0-3
198,1,19,2024-09-06,10,2,1-3
199,1,40,2024-12-28,4,11,0-5
200,1,40,2024-06-26,12,20,1-1
201,1,16,2024-09-14,2,6,0-1
202,1,1,2024-09-24,11,19,3-1
203,1,8,2024-09-05,1,20,5-3
204,1,4,2024-12-30,5,6,2-1
205,1,19,2024-07-02,4,16,5-1
206,1,38,2024-10-11,12,20,5-0
207,1,30,2024-11-24,12,5,3-2
208,1,13,2024-05-27,3,18,2-3
209,1,23,2024-05-18,9,11,1-1
210,1,18,2024-08-25,8,17,1-1
211,1,16,2024-09-12,6,17,0-0
212,1,40,2024-12-12,9,15,0-3
213,1,18,2024-12-23,12,14,2-1
214,1,11,2024-11-16,10,17,3-0
215,1,20,2024-09-09,12,3,3-4
216,1,19,2024-09-06,1,7,5-0
217,1,39,2024-12-25,16,11,4-0
218,1,37,2024-08-11,18,15,5-1
219,1,11,2024-12-06,5,10,1-3
220,1,36,2024-11-27,12,15,1-4
221,1,38,2024-10-27,19,17,5-4
222,1,20,2024-10-07,4,6,3-3
223,1,16,2024-10-23,13,18,3-2
224,1,12,2024-09-22,1,2,1-4
225,1,29,2024-08-02,2,18,4-5
226,1,35,2024-10-28,15,1,4-4
227,1,35,2024-12-09,19,20,0-2
228,1,31,2024-09-07,8,11,1-3
229,1,19,2024-05-27,3,17,1-1
230,1,6,2024-12-30,17,1,0-2
231,1,3,2024-09-08,17,3,1-0
232,1,38,2024-10-26,14,20,1-4
233,1,32,2024-09-23,13,14,3-3
234,1,29,2024-09-02,20,5,3-1
235,1,15,2024-10-01,4,14,4-2
236,1,23,2024-09-18,20,10,4-0
237,1,24,2024-07-23,3,17,1-2
238,1,29,2024-10-12,19,2,5-1
239,1,7,2024-06-02,3,14,2-2
240,1,38,2024-08-19,11,10,0-1
241,1,12,2024-10-13,5,17,2-2
242,1,26,2024-10-31,14,16,5-2
243,1,13,2024-11-12,12,8,4-1
244,1,32,2024-11-07,14,16,2-3
245,1,15,2024-09-29,10,2,0-4
246,1,15,2024-09-28,9,20,2-5
247,1,20,2024-10-19,14,4,1-4
248,1,21,2025-01-01,18,9,0-0
249,1,37,2024-11-19,1,2,4-1
250,1,15,2024-12-10,7,17,0-4
251,1,12,2024-11-18,15,12,3-3
252,1,36,2024-11-04,5,20,0-1
253,1,7,2024-10-27,20,19,5-5
254,1,34,2024-07-10,7,16,4-4
255,1,10,2024-11-12,4,10,4-3
256,1,15,2024-12-04,20,14,0-4
257,1,30,2024-12-14,19,20,3-1
258,1,6,2024-12-25,12,1,0-0
259,1,23,2024-11-04,19,8,0-4
260,1,6,2024-06-01,16,20,5-3
261,1,33,2024-10-27,2,9,1-2
262,1,33,2025-01-06,8,16,2-1
263,1,14,2024-10-29,3,7,5-3
264,1,2,2024-07-01,12,1,5-3
265,1,29,2024-12-22,5,20,0-4
266,1,12,2024-12-16,5,19,4-4
267,1,17,2024-07-02,1,12,1-4
268,1,31,2024-09-07,18,1,3-3
269,1,25,2024-09-16,8,18,2-2
270,1,9,2024-09-14,20,15,4-3
271,1,8,2024-10-17,8,16,3-2
272,1,8,2024-09-30,10,7,5-3
273,1,36,2024-12-04,3,6,5-1
274,1,10,2024-10-19,3,9,4-1
275,1,3,2024-07-27,10,3,0-1
276,1,6,2024-08-18,8,6,3-1
277,1,7,2024-08-20,13,6,3-0
278,1,32,2025-01-08,12,10,2-3
279,1,17,2024-07-26,11,4,2-4
280,1,25,2024-05-24,11,13,2-3
281,1,29,2024-08-12,14,8,5-5
282,1,34,2024-06-26,16,15,4-5
283,1,35,2024-10-27,2,16,0-2
284,1,38,2025-01-05,18,1,1-2
285,1,27,2024-11-23,16,5,3-5
286,1,27,2024-05-23,10,15,1-5
287,1,19,2024-05-18,6,3,4-3
288,1,6,2024-11-02,12,13,3-5
289,1,25,2024-08-15,12,5,3-1
290,1,3,2024-08-26,7,2,2-2
291,1,25,2024-12-16,13,18,2-2
292,1,36,2025-01-04,6,9,1-0
293,1,17,2024-07-22,13,5,0-1
294,1,28,2024-12-31,7,2,4-4
295,1,11,2024-10-12,8,19,1-0
296,1,19,2024-07-01,16,20,0-5
297,1,9,2024-08-01,16,18,3-2
298,1,18,2024-12-04,11,7,2-1
299,1,20,2024-08-22,4,12,4-0
300,1,32,2024-08-08,6,9,2-2
301,1,23,2024-09-25,2,3,1-1
302,1,20,2024-08-22,12,15,1-1
303,1,7,2024-08-18,9,13,2-2
304,1,15,2024-11-23,13,8,4-1
305,1,23,2024-06-27,5,4,5-1
306,1,33,2024-10-23,10,15,4-3
307,1,13,2024-10-16,7,3,3-4
308,1,33,2024-10-29,15,18,2-1
309,1,25,2024-08-15,12,1,3-1
310,1,33,2024-12-09,4,15,0-1
311,1,31,2024-07-19,18,5,5-5
312,1,3,2024-08-17,18,17,4-5
313,1,37,2024-06-08,9,4,3-1
314,1,26,2024-10-24,19,3,1-0
315,1,22,2024-07-21,1,11,3-4
316,1,36,2024-07-01,17,14,0-1
317,1,37,2024-11-09,6,16,2-2
318,1,5,2024-08-03,7,4,3-3
319,1,40,2024-07-11,11,12,3-1
320,1,33,2024-09-10,4,3,2-2
321,1,35,2024-05-27,14,3,3-5
322,1,16,2024-10-10,15,10,2-0
323,1,13,2025-01-02,9,20,5-0
324,1,3,2024-10-24,14,10,0-2
325,1,40,2024-06-20,13,16,4-3
326,1,11,2024-08-18,8,13,2-4
327,1,8,2024-09-02,10,19,2-5
328,1,32,2024-10-20,20,5,1-4
329,1,34,2024-05-26,20,13,2-3
330,1,34,2024-12-27,5,14,1-0
331,1,27,2024-09-29,11,2,5-5
332,1,34,2024-08-10,1,7,1-2
333,1,39,2024-12-17,18,20,5-0
334,1,9,2024-06-13,1,15,2-2
335,1,34,2024-07-10,9,13,4-4
336,1,29,2024-09-27,12,17,3-4
337,1,9,2024-11-29,8,16,2-2
338,1,18,2024-05-16,4,18,3-1
339,1,31,2024-09-21,3,1,2-3
340,1,1,2024-12-23,8,17,1-4
341,1,33,2024-12-03,16,2,3-1
342,1,19,2024-08-20,6,19,1-5
343,1,26,2024-10-23,20,3,2-0
344,1,38,2024-12-17,13,4,3-1
345,1,9,2024-11-19,18,1,1-2
346,1,2,2024-08-16,11,14,3-4
347,1,18,2024-09-16,3,8,4-3
348,1,23,2024-09-02,12,10,5-2
349,1,10,2024-12-21,15,10,1-5
350,1,5,2024-09-15,5,2,1-1
351,1,4,2024-12-02,10,6,0-0
352,1,11,2024-07-19,10,20,0-4
353,1,9,2024-10-10,19,15,3-1
354,1,39,2024-10-03,12,20,4-1
355,1,15,2024-08-31,20,15,0-5
356,1,28,2024-09-06,13,11,4-1
357,1,25,2024-11-05,14,9,5-0
358,1,8,2024-10-21,13,15,1-0
359,1,27,2024-07-09,3,4,1-1
360,1,5,2024-10-20,7,2,3-2
361,1,28,2024-11-28,8,7,4-4
362,1,14,2024-12-15,20,1,1-2
363,1,6,2024-08-17,1,16,4-0
364,1,17,2024-12-23,3,13,5-5
365,1,40,2024-09-11,16,8,2-1
366,1,2,2024-11-11,1,4,3-0
367,1,34,2024-10-14,2,4,5-2
368,1,5,2024-05-27,13,11,2-4
369,1,39,2024-10-19,7,13,1-1
370,1,21,2024-12-04,2,13,2-1
371,1,38,2024-10-30,2,15,0-1
372,1,17,2024-05-17,13,20,5-0
373,1,36,2024-07-06,18,1,2-1
374,1,22,2024-07-20,4,9,4-1
375,1,1,2024-12-12,19,8,4-4
376,1,38,2025-01-08,11,3,0-3
377,1,34,2024-10-16,18,14,3-0
378,1,15,2024-10-22,10,20,1-1
379,1,27,2024-10-11,11,4,3-0
380,1,40,2024-08-03,6,10,5-2
381,1,23,2024-06-16,10,7,1-5
382,1,32,2024-08-14,17,15,5-1
383,1,38,2024-12-31,9,15,2-5
384,1,4,2024-09-30,2,11,4-4
385,1,28,2024-07-13,12,20,1-1
386,1,23,2024-08-05,16,3,5-2
387,1,28,2024-07-28,20,12,2-0
388,1,10,2024-08-07,11,1,2-2
389,1,29,2024-11-09,17,9,5-5
390,1,9,2024-07-30,19,11,0-4
391,1,18,2024-11-16,8,19,3-4
392,1,4,2024-11-09,11,18,1-0
393,1,17,2024-12-22,16,12,5-3
394,1,36,2024-08-25,9,10,5-3
395,1,36,2024-06-04,4,16,1-0
396,1,32,2024-09-05,5,18,1-1
397,1,35,2024-09-11,11,1,1-5
398,1,11,2024-11-15,19,11,4-1
399,1,2,2025-01-07,19,1,0-2
400,1,5,2024-05-17,13,3,1-4
401,1,40,2024-08-07,17,13,2-3
402,1,34,2024-09-19,16,7,5-3
403,1,38,2024-07-01,4,13,2-0
404,1,33,2024-11-04,17,15,0-4
405,1,4,2024-10-11,5,10,4-1
406,1,35,2024-12-21,18,20,0-2
407,1,31,2024-06-23,17,15,0-5
408,1,28,2024-10-30,9,19,5-5
409,1,14,2024-07-26,20,1,4-3
410,1,7,2024-10-29,18,9,0-0
411,1,36,2024-12-01,13,10,5-3
412,1,12,2024-10-07,19,20,2-1
413,1,36,2024-08-14,20,18,0-4
414,1,1,2024-10-15,20,7,0-3
415,1,4,2024-06-16,2,4,4-0
416,1,1,2024-11-21,10,3,0-3
417,1,33,2024-06-17,4,9,5-5
418,1,35,2024-12-26,5,17,5-4
419,1,32,2024-10-24,10,18,1-4
420,1,34,2024-06-19,20,10,4-5
421,1,8,2024-06-22,18,17,5-0
422,1,4,2024-07-17,14,18,1-5
423,1,23,2024-11-29,12,13,2-2
424,1,11,2024-08-07,10,3,0-5
425,1,33,2024-11-24,16,14,0-1
426,1,10,2024-12-25,3,2,4-0
427,1,39,2024-12-12,19,7,1-1
428,1,40,2024-12-11,5,17,1-3
429,1,18,2024-08-20,17,6,0-4
430,1,39,2024-08-20,14,7,0-4
431,1,29,2024-08-07,2,20,2-1
432,1,4,2024-06-03,2,20,4-2
433,1,4,2024-10-20,7,4,2-5
434,1,2,2024-06-24,14,13,4-0
435,1,33,2024-12-31,6,19,3-5
436,1,11,2024-07-05,17,9,3-2
437,1,18,2024-08-31,9,3,4-0
438,1,4,2024-07-09,5,19,4-5
439,1,10,2024-09-23,9,20,0-4
440,1,1,2024-08-23,5,6,2-4
441,1,28,2024-11-22,20,8,4-4
442,1,39,2024-07-25,19,9,0-4
443,1,28,2024-06-24,20,13,5-5
444,1,18,2024-06-10,13,8,4-4
445,1,26,2024-10-13,1,19,4-5
446,1,23,2024-06-11,16,12,1-3
447,1,27,2024-11-01,5,16,5-2
448,1,21,2024-10-24,16,5,4-4
449,1,26,2024-12-18,5,12,5-1
450,1,39,2024-06-02,1,6,2-4
451,1,19,2024-11-25,16,11,3-2
452,1,40,2024-06-25,6,8,1-5
453,1,17,2024-07-02,14,7,4-5
454,1,22,2024-10-19,4,11,1-4
455,1,40,2024-09-02,13,1,2-2
456,1,12,2024-07-15,10,2,4-2
457,1,5,2024-07-18,13,10,3-5
458,1,37,2024-09-23,9,20,5-3
459,1,29,2024-05-19,4,1,4-0
460,1,17,2024-08-08,10,12,0-3
461,1,5,2024-09-30,2,19,3-3
462,1,38,2024-12-05,20,4,1-5
463,1,34,2025-01-08,19,4,4-1
464,1,35,2024-12-12,1,11,5-2
465,1,28,2024-11-25,12,3,3-4
466,1,15,2024-08-12,1,7,0-2
467,1,37,2024-08-26,18,20,0-3
468,1,12,2024-08-31,11,4,4-0
469,1,31,2024-07-20,7,12,4-1
470,1,23,2024-10-30,11,5,5-3
471,1,19,2024-07-26,17,9,2-5
472,1,38,2024-08-23,8,14,4-4
473,1,27,2024-11-30,17,12,5-1
474,1,18,2024-07-12,19,20,1-5
475,1,10,2024-07-03,9,1,4-0
476,1,15,2024-07-03,11,1,5-0
477,1,5,2024-10-17,9,13,4-0
478,1,26,2024-08-02,5,2,1-0
479,1,3,2024-06-03,17,14,1-4
480,1,7,2024-05-21,9,1,5-0
481,1,32,2024-07-25,17,16,2-1
482,1,17,2024-11-12,2,17,5-3
483,1,1,2024-06-24,16,14,2-2
484,1,21,2024-06-30,17,9,3-1
485,1,20,2024-05-29,7,11,1-2
486,1,12,2024-07-29,11,10,2-5
487,1,22,2024-07-25,3,8,3-5
488,1,6,2024-08-23,9,18,4-2
489,1,6,2024-08-10,16,14,1-4
490,1,2,2024-08-04,14,17,5-0
491,1,31,2024-09-10,13,15,5-3
492,1,12,2024-07-17,15,9,1-3
493,1,2,2024-10-22,14,2,4-2
494,1,40,2024-08-20,11,1,2-0
495,1,19,2024-08-14,19,11,3-4
496,1,33,2024-07-11,6,7,5-3
497,1,15,2024-09-07,9,18,0-4
498,1,36,2024-08-10,2,17,4-1
499,1,21,2024-12-17,20,11,5-0
500,1,15,2024-09-23,4,6,0-5
501,2,15,2024-08-25,3,19,0-0
502,2,36,2025-01-06,20,3,2-2
503,2,18,2024-12-09,16,20,5-5
504,2,8,2024-08-09,20,3,5-5
505,2,13,2024-12-28,11,15,2-2
506,2,8,2025-02-18,12,18,0-0
507,2,19,2024-02-02,4,1,5-1
508,2,11,2024-01-28,7,6,5-4
509,2,3,2025-02-28,7,15,3-4
510,2,23,2024-03-20,9,6,4-4
511,2,29,2025-01-03,10,5,3-2
512,2,22,2023-08-14,15,12,3-0
513,2,18,2025-05-21,9,7,1-0
514,2,12,2024-07-02,20,15,2-0
515,2,22,2025-07-14,6,17,5-4
516,2,36,2024-03-04,17,5,1-0
517,2,33,2024-09-09,17,15,5-5
518,2,18,2024-12-19,16,7,1-3
519,2,33,2024-11-30,6,5,1-1
520,2,15,2024-06-15,9,5,2-2
521,2,29,2024-10-04,10,3,2-1
522,2,15,2025-01-14,19,2,5-2
523,2,13,2025-06-07,1,14,5-1
524,2,33,2023-10-20,7,6,5-5
525,2,36,2023-12-18,20,10,1-5
526,2,7,2025-04-24,13,15,5-4
527,2,34,2023-12-24,1,14,3-1
528,2,7,2025-03-21,11,10,0-1
529,2,38,2024-10-08,9,12,5-5
530,2,21,2024-04-14,7,15,4-1
531,2,13,2024-01-28,1,15,5-1
532,2,31,2025-01-13,11,6,0-0
533,2,25,2023-12-08,5,9,4-5
534,2,38,2024-08-27,11,18,5-1
535,2,20,2024-09-07,11,6,5-0
536,2,4,2024-08-01,12,16,2-3
537,2,24,2024-04-28,3,10,2-3
538,2,10,2025-02-10,11,9,4-4
539,2,19,2024-08-01,18,6,1-4
540,2,19,2023-12-27,8,19,0-1
541,2,7,2024-05-06,11,8,2-4
542,2,31,2024-06-23,13,7,0-3
543,2,13,2025-01-29,5,14,2-3
544,2,38,2024-06-06,19,8,1-5
545,2,27,2024-05-25,1,9,3-3
546,2,18,2024-07-13,1,14,1-5
547,2,4,2025-05-01,19,12,3-4
548,2,34,2024-05-31,1,7,3-2
549,2,25,2025-03-17,19,13,4-0
550,2,12,2025-04-02,4,15,1-0
551,2,15,2025-03-21,20,3,4-5
552,2,31,2024-04-16,15,11,1-2
553,2,18,2025-02-18,4,13,0-1
554,2,33,2025-06-08,12,4,5-1
555,2,20,2024-06-12,14,19,5-3
556,2,8,2024-04-06,12,13,1-0
557,2,1,2024-06-02,15,13,2-0
558,2,17,2024-03-10,13,17,5-5
559,2,11,2024-06-18,13,4,1-1
560,2,18,2025-03-29,19,9,2-4
561,2,23,2023-12-25,2,18,0-1
562,2,23,2024-04-30,6,17,1-1
563,2,13,2024-12-10,9,3,5-2
564,2,3,2024-07-02,16,17,1-3
565,2,32,2024-11-21,5,1,0-4
566,2,31,2024-07-18,19,3,4-3
567,2,19,2023-10-29,4,11,4-2
568,2,15,2025-06-18,16,20,3-5
569,2,38,2025-03-19,6,12,5-1
570,2,11,2023-08-13,5,1,3-2
571,2,31,2024-06-02,12,19,2-5
572,2,12,2023-08-12,6,15,5-3
573,2,8,2023-09-18,7,13,0-5
574,2,14,2025-04-08,6,14,2-3
575,2,33,2024-03-09,15,11,3-1
576,2,22,2024-03-21,16,13,3-0
577,2,14,2024-03-18,8,15,4-3
578,2,18,2024-07-31,17,11,1-5
579,2,5,2023-08-07,20,8,0-0
580,2,40,2024-08-25,9,14,0-2
581,2,36,2025-03-11,20,17,2-4
582,2,4,2023-08-23,3,11,5-2
583,2,14,2024-12-28,16,20,1-4
584,2,16,2024-04-12,17,2,1-2
585,2,14,2025-07-15,15,19,0-0
586,2,40,2024-03-20,11,16,3-0
587,2,28,2024-12-28,9,6,5-0
588,2,31,2024-03-12,2,12,4-1
589,2,11,2025-05-08,14,5,2-2
590,2,39,2024-02-08,9,10,5-5
591,2,8,2024-06-16,4,20,2-4
592,2,9,2023-10-20,1,5,4-2
593,2,21,2024-04-26,4,19,5-5
594,2,21,2023-08-27,17,7,4-3
595,2,30,2023-11-18,3,12,4-1
596,2,28,2025-02-04,15,20,2-5
597,2,24,2024-11-06,10,13,5-3
598,2,31,2025-02-16,11,14,2-0
599,2,38,2024-01-01,14,16,4-5
600,2,18,2023-09-07,9,10,3-0
601,2,39,2024-03-05,15,17,3-0
602,2,29,2024-03-08,1,6,1-2
603,2,16,2025-04-03,20,18,4-4
604,2,40,2023-11-07,13,4,5-4
605,2,26,2023-11-04,15,9,0-0
606,2,36,2025-03-30,5,4,3-5
607,2,1,2025-05-17,2,11,5-1
608,2,39,2023-09-02,2,11,0-3
609,2,3,2023-10-14,19,16,4-1
610,2,11,2025-01-22,3,16,2-2
611,2,17,2024-02-08,10,19,1-5
612,2,12,2024-07-24,9,6,1-4
613,2,4,2024-06-07,15,6,5-1
614,2,19,2023-12-13,3,20,1-2
615,2,21,2024-10-12,16,13,5-0
616,2,5,2023-09-13,10,14,4-4
617,2,14,2024-11-19,17,1,0-1
618,2,10,2024-03-30,3,18,4-1
619,2,1,2025-05-10,7,4,4-3
620,2,8,2025-07-06,4,14,1-1
621,2,9,2024-01-08,5,10,1-4
622,2,15,2024-02-13,10,6,3-1
623,2,6,2024-02-15,6,10,3-1
624,2,27,2024-08-10,16,8,2-2
625,2,25,2024-10-09,2,1,2-4
626,2,8,2025-04-11,20,6,5-0
627,2,31,2025-05-10,14,10,3-0
628,2,22,2025-07-05,17,12,2-4
629,2,28,2024-08-05,12,5,5-5
630,2,40,2024-01-04,6,20,5-5
631,2,2,2024-10-21,17,3,1-4
632,2,27,2023-11-16,8,14,2-2
633,2,37,2024-10-07,6,15,3-3
634,2,4,2024-03-12,11,8,0-0
635,2,5,2025-05-24,9,15,4-5
636,2,6,2023-12-08,13,7,5-1
637,2,12,2025-06-30,17,5,2-4
638,2,40,2025-02-18,11,15,5-2
639,2,5,2024-09-21,14,5,2-3
640,2,29,2025-01-18,8,16,3-5
641,2,10,2024-02-14,10,19,2-3
642,2,39,2024-07-26,16,19,1-2
643,2,25,2025-06-24,3,13,0-0
644,2,39,2024-11-20,5,13,3-2
645,2,14,2023-08-24,11,6,4-0
646,2,19,2024-03-17,5,6,1-5
647,2,19,2024-08-07,2,6,4-2
648,2,1,2024-02-21,5,14,5-2
649,2,4,2025-01-01,5,3,3-1
650,2,16,2024-08-17,6,10,3-5
651,2,39,2025-02-23,19,1,0-3
652,2,9,2024-05-03,10,3,1-2
653,2,28,2025-02-07,18,8,2-5
654,2,3,2023-08-24,15,9,3-1
655,2,24,2025-03-10,11,4,2-3
656,2,33,2023-08-18,12,3,0-1
657,2,19,2025-05-02,16,12,3-2
658,2,40,2023-12-28,17,14,4-2
659,2,33,2025-04-11,17,9,3-2
660,2,22,2024-10-27,15,1,0-3
661,2,35,2023-08-15,11,9,2-2
662,2,36,2023-10-09,12,9,3-2
663,2,19,2025-04-18,6,18,0-4
664,2,33,2024-09-20,1,10,3-5
665,2,35,2023-09-30,8,20,3-5
666,2,26,2024-08-31,7,3,5-0
667,2,29,2025-04-18,14,5,3-1
668,2,5,2025-05-09,20,2,0-3
669,2,39,2025-05-12,15,5,2-1
670,2,11,2024-11-23,11,8,4-2
671,2,20,2023-09-26,16,10,2-5
672,2,4,2024-07-13,12,4,1-1
673,2,11,2023-10-01,3,4,5-5
674,2,8,2025-05-13,13,11,1-3
675,2,22,2025-04-05,10,8,3-4
676,2,5,2024-07-09,6,20,5-0
677,2,39,2024-10-14,7,9,0-3
678,2,18,2023-12-31,10,3,3-2
679,2,37,2023-08-23,8,5,5-5
680,2,32,2024-11-17,19,8,2-4
681,2,39,2023-09-12,20,10,0-5
682,2,37,2025-06-30,18,20,2-1
683,2,5,2024-08-21,5,2,1-3
684,2,24,2024-12-24,10,18,1-3
685,2,15,2025-05-09,5,3,5-4
686,2,35,2024-05-23,4,14,4-2
687,2,7,2023-10-13,3,11,2-1
688,2,15,2024-12-23,8,11,1-4
689,2,3,2024-06-23,18,6,4-3
690,2,24,2025-05-21,2,15,2-4
691,2,1,2025-07-01,19,17,0-5
692,2,34,2023-09-25,6,10,5-5
693,2,35,2024-08-12,19,15,5-4
694,2,8,2025-04-04,3,19,0-2
695,2,13,2025-01-09,16,19,2-3
696,2,27,2024-04-17,20,15,3-5
697,2,33,2024-02-26,12,6,3-5
698,2,29,2024-01-27,5,12,5-0
699,2,22,2024-04-15,4,20,0-3
700,2,4,2023-12-13,13,1,2-0
701,2,28,2025-02-07,18,10,2-4
702,2,26,2025-07-17,9,1,4-2
703,2,14,2024-03-15,12,2,1-3
704,2,31,2024-07-08,5,3,4-5
705,2,27,2024-07-07,6,14,1-3
706,2,20,2024-12-15,3,6,5-1
707,2,7,2023-12-19,9,2,2-1
708,2,36,2024-05-12,8,19,4-0
709,2,20,2025-01-11,19,4,3-0
710,2,33,2025-02-26,6,13,1-1
711,2,14,2024-01-01,8,4,2-3
712,2,6,2024-04-09,8,10,5-5
713,2,40,2024-11-24,4,8,0-0
714,2,24,2023-09-17,15,1,3-0
715,2,2,2024-01-09,10,2,3-1
716,2,35,2024-04-12,18,5,4-1
717,2,17,2024-03-31,2,5,0-2
718,2,18,2024-02-28,14,20,0-0
719,2,1,2025-03-04,9,3,0-1
720,2,36,2023-08-20,16,20,5-3
721,2,24,2024-02-28,18,17,0-0
722,2,31,2024-12-15,7,4,4-0
723,2,11,2023-07-31,17,4,1-1
724,2,6,2023-11-25,13,6,1-3
725,2,34,2025-03-18,8,16,0-0
726,2,17,2024-07-02,13,3,3-4
727,2,21,2025-05-10,6,19,2-5
728,2,16,2025-06-28,15,13,5-4
729,2,26,2024-07-11,8,4,0-1
730,2,9,2025-01-21,10,9,2-0
731,2,2,2025-02-18,14,20,1-0
732,2,34,2025-04-23,11,20,0-0
733,2,25,2024-10-06,11,2,2-1
734,2,18,2025-04-28,16,20,4-2
735,2,8,2024-09-22,20,10,0-1
736,2,1,2025-04-03,14,5,3-4
737,2,32,2023-12-03,5,6,5-2
738,2,27,2024-08-21,4,14,1-1
739,2,23,2025-05-15,19,12,5-2
740,2,9,2024-12-21,16,3,1-3
741,2,22,2023-09-11,12,10,4-2
742,2,10,2024-06-04,11,1,3-1
743,2,16,2023-12-04,6,15,0-5
744,2,17,2025-01-08,10,11,3-5
745,2,28,2025-02-01,14,6,4-5
746,2,4,2024-01-03,19,4,0-4
747,2,21,2024-09-29,10,12,0-5
748,2,6,2025-02-03,11,16,1-4
749,2,28,2025-04-23,11,17,2-3
750,2,24,2023-10-20,12,11,2-3
751,2,28,2023-09-23,5,8,3-0
752,2,17,2025-06-13,8,5,3-2
753,2,38,2024-05-10,8,13,2-0
754,2,31,2023-10-06,18,12,2-5
755,2,3,2023-11-05,18,1,2-5
756,2,12,2024-03-15,7,14,1-0
757,2,22,2024-12-16,2,9,5-2
758,2,22,2024-10-03,8,2,0-5
759,2,6,2024-07-30,16,12,0-1
760,2,11,2024-01-30,3,19,4-0
761,2,3,2024-06-16,16,18,5-2
762,2,18,2024-02-08,10,3,2-2
763,2,36,2024-06-15,18,15,5-5
764,2,31,2025-06-19,16,4,2-2
765,2,29,2024-01-29,13,5,4-5
766,2,27,2025-04-10,4,5,2-5
767,2,38,2024-10-03,20,18,4-1
768,2,15,2024-01-10,13,2,4-4
769,2,22,2023-10-29,18,17,5-1
770,2,22,2025-03-31,5,18,3-3
771,2,33,2024-12-10,11,15,0-4
772,2,38,2024-05-05,7,9,3-2
773,2,37,2024-06-07,6,17,3-2
774,2,12,2025-03-28,10,15,2-3
775,2,27,2023-11-28,2,10,3-2
776,2,3,2025-07-20,14,3,1-5
777,2,12,2024-05-22,12,17,2-5
778,2,7,2023-11-20,8,15,5-1
779,2,15,2023-08-25,19,4,3-4
780,2,16,2023-10-08,6,20,2-0
781,2,7,2024-12-11,14,10,0-5
782,2,20,2024-05-22,17,18,4-1
783,2,39,2025-03-16,4,20,3-4
784,2,28,2024-06-29,11,6,5-5
785,2,14,2025-02-12,7,9,3-0
786,2,6,2025-03-06,11,8,1-3
787,2,21,2025-03-10,1,14,2-1
788,2,37,2023-11-11,17,18,0-4
789,2,5,2024-06-25,16,20,4-3
790,2,8,2025-05-30,13,10,2-5
791,2,22,2024-08-23,15,16,2-2
792,2,26,2024-10-26,17,5,4-1
793,2,10,2023-10-31,19,11,5-2
794,2,3,2024-07-26,1,11,4-5
795,2,29,2024-05-07,15,19,3-0
796,2,6,2024-05-04,7,10,2-0
797,2,40,2024-08-04,15,20,4-4
798,2,32,2023-08-13,15,5,0-2
799,2,13,2024-11-08,8,15,4-3
800,2,27,2024-11-04,2,17,1-4
801,2,11,2024-06-11,8,17,1-1
802,2,24,2024-01-23,6,19,0-2
803,2,34,2024-02-12,17,7,4-4
804,2,15,2023-10-14,11,3,1-0
805,2,13,2025-01-14,2,18,4-2
806,2,20,2023-10-19,12,13,1-0
807,2,8,2024-06-24,4,5,0-2
808,2,14,2024-02-15,12,15,4-5
809,2,21,2023-09-03,12,9,5-3
810,2,7,2024-03-21,5,19,4-2
811,2,32,2025-02-12,20,10,1-1
812,2,12,2024-01-13,2,7,5-5
813,2,24,2024-12-19,4,3,5-3
814,2,14,2025-07-18,8,14,1-4
815,2,40,2025-05-14,4,11,2-0
816,2,19,2024-01-26,2,12,5-1
817,2,4,2025-02-20,19,1,0-0
818,2,12,2024-04-21,14,19,3-4
819,2,40,2023-11-18,1,11,4-4
820,2,39,2024-10-05,12,3,0-1
821,2,1,2023-08-16,14,2,0-1
822,2,32,2024-08-26,8,12,2-2
823,2,22,2024-07-06,6,12,3-4
824,2,24,2024-06-25,18,4,3-4
825,2,10,2025-05-29,18,9,4-2
826,2,20,2024-12-17,1,4,0-4
827,2,13,2023-10-04,3,13,2-1
828,2,24,2023-12-09,9,10,3-1
829,2,30,2024-06-08,19,4,4-5
830,2,18,2024-10-04,17,20,5-3
831,2,12,2024-04-03,20,18,3-4
832,2,19,2024-06-08,8,14,5-0
833,2,28,2024-01-16,12,19,4-2
834,2,33,2025-06-21,20,6,5-5
835,2,40,2024-12-26,9,18,2-2
836,2,40,2023-10-12,4,19,0-2
837,2,40,2023-08-16,5,6,4-0
838,2,38,2024-07-28,1,18,2-1
839,2,20,2024-01-23,18,1,1-2
840,2,34,2025-02-27,15,19,5-0
841,2,39,2025-07-20,6,14,1-1
842,2,12,2025-02-02,15,13,3-1
843,2,12,2023-10-06,8,20,1-1
844,2,3,2023-10-18,20,14,0-1
845,2,27,2023-10-19,11,7,0-1
846,2,7,2024-02-13,6,19,1-3
847,2,23,2025-04-18,3,18,5-2
848,2,28,2024-07-11,1,13,0-0
849,2,33,2024-01-07,6,1,3-4
850,2,1,2024-10-24,9,20,1-1
851,2,2,2025-03-15,12,3,0-3
852,2,34,2024-01-24,16,9,3-5
853,2,21,2024-07-22,12,11,3-3
854,2,16,2024-05-18,18,19,1-5
855,2,36,2023-07-31,14,18,0-5
856,2,40,2025-06-13,12,9,1-5
857,2,19,2024-04-17,18,15,4-4
858,2,6,2025-01-09,18,1,2-0
859,2,7,2024-08-10,8,15,2-4
860,2,38,2023-09-21,9,8,1-4
861,2,32,2023-11-30,10,12,1-3
862,2,7,2025-03-19,15,13,2-4
863,2,5,2025-07-15,2,4,2-2
864,2,32,2025-05-29,9,17,0-1
865,2,27,2024-08-25,15,18,3-4
866,2,37,2025-06-11,6,12,3-3
867,2,15,2024-07-12,10,7,5-2
868,2,19,2024-09-22,7,17,5-3
869,2,20,2024-01-02,11,9,2-5
870,2,12,2025-01-03,19,13,4-5
871,2,32,2024-06-30,9,3,3-4
872,2,3,2024-06-25,15,18,4-3
873,2,1,2024-01-07,6,12,0-1
874,2,3,2024-06-01,18,1,0-3
875,2,12,2025-01-30,20,16,4-0
876,2,23,2024-09-18,10,9,2-5
877,2,9,2024-05-06,3,5,3-4
878,2,13,2025-04-09,14,12,0-4
879,2,13,2024-01-24,7,4,1-2
880,2,19,2025-03-08,9,16,3-5
881,2,3,2023-09-27,12,15,0-3
882,2,40,2024-08-17,20,8,5-2
883,2,15,2023-09-24,6,19,2-4
884,2,40,2024-03-30,4,10,0-5
885,2,39,2023-08-23,7,6,3-5
886,2,30,2024-07-03,18,1,4-0
887,2,9,2024-10-04,12,1,1-0
888,2,32,2024-04-18,6,14,1-5
889,2,21,2025-05-06,5,3,1-4
890,2,24,2025-06-02,10,15,4-3
891,2,28,2025-05-26,10,4,5-3
892,2,29,2025-01-23,15,10,3-4
893,2,16,2024-04-30,3,12,3-5
894,2,8,2024-07-28,7,14,1-2
895,2,12,2024-08-24,8,3,3-2
896,2,7,2024-07-28,7,13,1-4
897,2,8,2024-10-19,8,14,5-5
898,2,2,2023-10-20,13,12,1-1
899,2,37,2023-10-15,4,12,0-3
900,2,5,2024-07-31,6,13,3-1
901,2,2,2024-05-19,11,3,2-4
902,2,36,2024-05-24,15,4,3-4
903,2,38,2023-09-05,10,8,1-4
904,2,34,2024-04-03,14,9,0-5
905,2,27,2023-08-08,4,16,0-2
906,2,24,2023-11-05,6,14,4-3
907,2,22,2024-02-08,8,7,3-0
908,2,8,2023-10-01,16,19,1-5
909,2,34,2024-12-13,9,11,3-2
910,2,17,2024-04-28,15,8,1-5
911,2,9,2025-03-28,7,1,4-2
912,2,2,2024-06-12,1,15,3-5
913,2,40,2025-01-13,15,12,5-0
914,2,7,2024-12-03,2,4,2-1
915,2,22,2025-04-20,15,20,3-1
916,2,4,2024-07-31,2,17,5-0
917,2,8,2023-10-11,3,5,0-5
918,2,33,2024-07-23,10,15,2-5
919,2,18,2024-01-02,4,20,0-2
920,2,1,2023-11-11,7,17,0-3
921,2,33,2025-05-12,14,1,2-3
922,2,22,2025-04-06,13,1,1-1
923,2,4,2025-04-21,14,7,5-0
924,2,19,2023-10-23,10,13,2-1
925,2,36,2024-03-04,13,15,0-1
926,2,13,2024-08-19,1,10,1-1
927,2,15,2024-02-09,18,19,0-1
928,2,39,2025-05-15,16,9,5-2
929,2,20,2025-01-31,9,19,0-5
930,2,21,2025-05-02,10,12,2-3
931,2,10,2024-02-08,15,16,2-0
932,2,7,2024-02-07,16,19,5-5
933,2,18,2025-05-31,20,18,2-4
934,2,2,2025-05-17,4,13,4-4
935,2,27,2024-12-13,2,16,1-1
936,2,1,2024-08-19,5,6,1-0
937,2,15,2024-03-23,4,6,1-4
938,2,20,2024-08-06,5,6,2-4
939,2,2,2024-11-13,6,18,4-3
940,2,26,2025-06-03,18,3,2-0
941,2,19,2024-08-24,10,15,3-4
942,2,21,2023-11-24,7,8,0-2
943,2,23,2024-02-15,10,6,0-2
944,2,16,2024-04-19,17,1,3-4
945,2,26,2024-03-05,9,12,5-5
946,2,25,2023-11-14,12,10,4-1
947,2,36,2025-07-06,14,16,3-4
948,2,1,2024-07-10,13,5,0-0
949,2,9,2024-06-17,2,19,0-1
950,2,40,2023-08-28,7,20,2-5
951,2,38,2023-11-26,15,9,1-0
952,2,29,2024-06-12,7,14,1-5
953,2,25,2023-09-21,11,1,1-1
954,2,21,2023-12-05,19,11,0-2
955,2,18,2024-02-08,15,2,3-1
956,2,29,2024-11-23,8,18,1-5
957,2,3,2024-08-11,10,12,3-2
958,2,18,2024-12-26,1,4,5-3
959,2,38,2025-04-01,7,10,0-1
960,2,5,2023-08-10,19,14,1-2
961,2,38,2024-09-09,6,17,4-3
962,2,1,2025-05-13,7,9,0-1
963,2,36,2023-09-24,5,6,1-3
964,2,2,2024-07-13,7,4,5-3
965,2,27,2024-11-04,11,10,1-4
966,2,11,2025-03-26,4,10,3-5
967,2,17,2024-09-18,10,2,2-0
968,2,33,2023-08-14,17,14,4-2
969,2,2,2023-10-07,16,9,0-2
970,2,18,2024-06-01,14,15,4-1
971,2,27,2024-01-03,6,2,1-3
972,2,4,2025-06-14,16,10,5-5
973,2,1,2025-03-26,19,9,1-3
974,2,24,2024-12-03,16,15,2-4
975,2,33,2024-07-01,6,20,4-2
976,2,13,2024-09-30,11,14,0-1
977,2,8,2025-05-04,5,12,1-1
978,2,4,2025-05-14,4,10,5-1
979,2,6,2025-03-06,7,18,3-3
980,2,15,2023-12-26,18,16,5-0
981,2,30,2025-07-02,17,1,4-5
982,2,1,2025-03-13,5,18,0-0
983,2,25,2023-09-21,8,11,0-4
984,2,13,2025-01-07,4,1,0-3
985,2,34,2025-06-18,2,3,5-5
986,2,26,2025-02-08,20,14,4-0
987,2,12,2024-10-01,1,17,5-2
988,2,29,2023-09-18,11,20,1-0
989,2,32,2024-04-24,19,9,3-0
990,2,31,2024-09-10,5,3,4-5
991,2,29,2023-09-06,4,19,3-1
992,2,3,2024-07-05,12,7,5-3
993,2,25,2023-11-04,14,6,5-3
994,2,4,2024-07-25,15,9,5-2
995,2,30,2024-09-18,18,1,5-2
996,2,7,2025-04-04,6,4,0-2
997,2,13,2024-12-28,2,6,5-5
998,2,36,2025-05-18,18,16,4-3
999,2,27,2025-04-11,5,18,2-4
1000,2,10,2024-11-27,13,9,4-0
1001,3,38,2023-03-31,30,24,1-2
1002,3,31,2023-05-20,23,28,0-5
1003,3,13,2023-08-18,30,40,4-1
1004,3,7,2023-09-21,27,30,2-3
1005,3,3,2024-04-20,38,34,5-2
1006,3,31,2024-04-17,32,29,1-4
1007,3,33,2023-06-28,28,34,2-2
1008,3,8,2025-01-30,37,27,5-1
1009,3,25,2024-07-23,34,21,2-3
1010,3,22,2025-01-06,35,29,1-0
1011,3,33,2023-09-28,24,37,0-1
1012,3,32,2024-02-26,26,28,3-5
1013,3,18,2024-05-12,24,35,3-5
1014,3,35,2023-06-10,35,26,0-0
1015,3,17,2024-12-05,38,24,3-0
1016,3,29,2024-02-24,31,24,4-0
1017,3,28,2024-02-17,22,32,2-0
1018,3,40,2023-12-04,24,28,4-2
1019,3,24,2023-11-13,39,31,0-3
1020,3,23,2024-03-07,30,37,1-5
1021,3,32,2023-08-13,25,24,2-3
1022,3,36,2023-05-14,40,39,0-4
1023,3,11,2024-12-31,26,21,3-4
1024,3,39,2023-12-07,32,34,5-4
1025,3,39,2023-07-21,39,29,2-0
1026,3,8,2023-07-12,23,25,3-1
1027,3,7,2024-11-21,34,24,3-3
1028,3,12,2024-06-05,33,23,4-0
1029,3,35,2024-04-16,39,29,2-5
1030,3,27,2025-01-24,34,39,3-0
1031,3,26,2024-08-30,24,38,0-0
1032,3,38,2024-12-24,32,37,3-2
1033,3,3,2023-07-29,29,39,2-2
1034,3,33,2024-12-06,37,22,5-0
1035,3,10,2023-12-30,33,21,1-5
1036,3,26,2024-12-21,24,31,4-0
1037,3,38,2023-06-26,23,22,0-2
1038,3,19,2023-05-10,29,31,1-5
1039,3,9,2023-04-07,34,39,2-5
1040,3,8,2025-02-04,26,27,2-3
1041,3,5,2024-12-24,22,21,3-3
1042,3,10,2024-12-11,34,35,1-3
1043,3,7,2024-07-16,31,24,1-2
1044,3,32,2024-12-26,26,25,3-2
1045,3,29,2023-06-12,24,31,0-3
1046,3,6,2023-09-14,39,28,2-5
1047,3,6,2023-06-13,31,32,1-4
1048,3,12,2024-06-04,32,40,1-5
1049,3,26,2024-08-09,32,27,5-4
1050,3,18,2024-10-31,31,23,0-1
1051,3,39,2024-10-14,32,28,5-4
1052,3,11,2024-10-26,37,27,2-1
1053,3,4,2024-08-21,40,27,5-0
1054,3,33,2023-05-23,40,21,4-0
1055,3,13,2023-05-18,23,27,5-2
1056,3,18,2023-12-11,27,21,3-4
1057,3,21,2024-12-28,27,31,3-0
1058,3,16,2024-10-23,28,30,2-4
1059,3,25,2024-01-28,29,24,1-0
1060,3,4,2023-06-12,26,40,3-1
1061,3,7,2023-10-07,38,22,1-1
1062,3,8,2025-01-01,32,40,0-4
1063,3,29,2023-05-21,37,24,2-0
1064,3,17,2024-12-07,21,22,3-3
1065,3,10,2023-05-27,38,40,4-3
1066,3,19,2023-05-17,35,40,0-2
1067,3,28,2024-12-30,39,38,4-4
1068,3,19,2024-12-14,39,25,0-2
1069,3,15,2024-05-09,36,32,4-4
1070,3,5,2023-06-28,35,34,2-0
1071,3,40,2023-08-18,21,37,1-5
1072,3,9,2023-05-11,22,37,4-5
1073,3,1,2024-12-23,27,32,3-2
1074,3,24,2025-01-21,40,34,5-5
1075,3,39,2024-01-08,24,29,4-3
1076,3,28,2023-08-17,28,39,3-1
1077,3,17,2023-08-09,40,31,5-2
1078,3,36,2023-10-03,30,36,4-3
1079,3,21,2023-05-19,31,27,4-4
1080,3,12,2024-07-29,38,34,1-1
1081,3,6,2024-09-28,29,38,1-5
1082,3,27,2024-06-20,40,29,0-2
1083,3,20,2024-03-19,38,24,3-3
1084,3,13,2023-12-25,24,35,5-1
1085,3,27,2023-12-11,25,32,5-0
1086,3,17,2023-07-05,23,39,5-2
1087,3,18,2024-08-22,33,29,2-2
1088,3,35,2023-06-26,30,32,4-1
1089,3,11,2024-05-06,39,35,4-5
1090,3,38,2024-03-04,24,31,2-3
1091,3,3,2024-08-01,39,24,4-5
1092,3,22,2024-01-28,39,26,4-2
1093,3,29,2024-05-13,34,23,4-2
1094,3,27,2023-10-21,38,35,1-1
1095,3,21,2023-08-25,30,26,4-3
1096,3,2,2024-03-16,25,36,4-0
1097,3,8,2023-10-03,23,37,2-3
1098,3,31,2023-12-28,31,34,3-1
1099,3,9,2024-01-27,27,24,0-5
1100,3,16,2024-04-30,40,34,2-5
1101,3,22,2024-05-13,29,32,0-2
1102,3,8,2023-06-05,40,26,0-0
1103,3,23,2024-02-06,31,37,2-1
1104,3,13,2024-02-25,25,36,1-4
1105,3,9,2023-06-08,34,31,1-0
1106,3,16,2023-08-16,27,23,3-4
1107,3,13,2023-03-28,33,36,0-1
1108,3,5,2023-05-24,40,37,4-4
1109,3,18,2023-11-30,31,35,4-5
1110,3,39,2024-08-31,36,23,5-5
1111,3,27,2023-04-16,33,21,3-4
1112,3,36,2023-03-23,34,21,3-4
1113,3,20,2024-02-29,32,24,5-0
1114,3,29,2023-09-25,31,28,1-1
1115,3,30,2024-05-20,28,36,2-4
1116,3,11,2024-04-10,36,29,0-1
1117,3,36,2024-08-13,21,33,5-2
1118,3,28,2024-08-28,36,35,4-5
1119,3,12,2024-03-26,30,23,2-2
1120,3,22,2023-06-04,28,39,3-4
1121,3,37,2024-01-15,27,36,0-4
1122,3,6,2024-11-01,33,40,2-1
1123,3,20,2024-12-23,34,31,3-3
1124,3,33,2024-12-31,24,39,5-5
1125,3,12,2024-08-04,32,33,5-0
1126,3,7,2023-05-16,31,22,1-0
1127,3,2,2024-03-25,25,27,3-1
1128,3,9,2023-06-30,38,34,2-2
1129,3,38,2024-06-02,29,37,4-4
1130,3,9,2024-12-02,22,31,4-2
1131,3,2,2024-04-17,24,23,0-2
1132,3,28,2024-07-25,35,25,3-3
1133,3,12,2024-01-24,38,29,0-4
1134,3,32,2023-03-26,37,36,5-0
1135,3,35,2023-10-22,34,32,4-1
1136,3,3,2024-08-11,28,22,0-5
1137,3,7,2024-06-27,38,34,0-3
1138,3,37,2024-03-13,33,37,1-1
1139,3,34,2024-02-09,27,21,3-2
1140,3,15,2023-09-01,35,28,2-3
1141,3,7,2023-11-02,35,37,4-1
1142,3,19,2023-03-31,27,34,0-0
1143,3,15,2023-11-20,24,34,4-3
1144,3,35,2023-10-28,37,27,0-1
1145,3,26,2023-11-15,34,32,5-0
1146,3,9,2023-06-15,31,25,4-5
1147,3,7,2024-07-04,23,28,5-0
1148,3,27,2024-04-26,25,29,5-3
1149,3,6,2023-03-22,35,40,4-0
1150,3,20,2023-11-04,27,33,1-0
1151,3,30,2024-12-14,24,31,0-0
1152,3,11,2024-07-13,33,21,1-0
1153,3,38,2024-04-01,23,27,0-1
1154,3,32,2023-12-07,25,28,3-3
1155,3,30,2023-07-02,23,39,4-3
1156,3,24,2025-01-22,26,40,0-3
1157,3,31,2024-09-18,35,29,4-2
1158,3,15,2023-07-01,39,35,4-2
1159,3,40,2024-01-17,32,25,2-4
1160,3,15,2024-04-01,29,26,5-0
1161,3,4,2024-11-06,29,31,5-3
1162,3,31,2024-01-25,32,29,4-1
1163,3,29,2023-07-29,22,37,1-1
1164,3,11,2024-06-17,35,39,3-4
1165,3,18,2024-03-29,23,35,2-1
1166,3,26,2024-10-07,21,35,2-0
1167,3,39,2023-05-23,36,34,2-2
1168,3,24,2024-07-06,40,24,4-1
1169,3,37,2024-04-04,28,38,1-2
1170,3,9,2023-07-31,37,31,5-1
1171,3,37,2024-10-07,38,31,0-3
1172,3,24,2024-01-26,28,32,5-2
1173,3,12,2024-02-12,37,31,0-5
1174,3,24,2024-11-07,21,25,0-0
1175,3,10,2023-09-07,29,32,2-2
1176,3,33,2025-02-02,29,28,0-0
1177,3,17,2024-09-12,31,40,0-2
1178,3,5,2024-11-24,28,26,2-3
1179,3,25,2024-02-17,35,38,0-3
1180,3,31,2024-12-19,36,28,1-4
1181,3,26,2024-06-17,38,39,5-2
1182,3,30,2024-07-13,23,37,2-3
1183,3,6,2023-05-25,38,23,5-4
1184,3,36,2023-08-16,24,29,1-5
1185,3,2,2024-02-26,32,33,2-5
1186,3,32,2023-06-13,26,33,1-5
1187,3,23,2023-04-21,24,21,2-4
1188,3,14,2023-11-09,36,25,5-2
1189,3,15,2023-06-12,34,32,0-3
1190,3,31,2024-11-11,21,38,3-3
1191,3,40,2024-07-19,36,22,0-2
1192,3,3,2023-04-22,23,38,4-1
1193,3,36,2023-12-18,24,30,5-2
1194,3,23,2024-09-02,25,24,2-1
1195,3,36,2024-05-08,40,39,1-4
1196,3,10,2023-10-08,40,29,2-0
1197,3,9,2023-10-02,28,40,5-3
1198,3,11,2023-07-18,38,40,3-3
1199,3,9,2024-06-22,36,23,1-3
1200,3,15,2024-02-17,29,34,1-4
1201,3,6,2023-11-05,34,35,5-5
1202,3,28,2024-08-17,35,22,0-3
1203,3,22,2024-09-02,31,34,1-0
1204,3,7,2023-11-06,31,34,1-1
1205,3,3,2024-07-10,38,34,3-3
1206,3,29,2023-09-20,31,23,4-2
1207,3,16,2023-08-22,26,39,2-1
1208,3,5,2023-03-30,37,24,0-0
1209,3,36,2023-11-23,40,36,5-0
1210,3,25,2024-07-14,23,28,1-3
1211,3,16,2024-04-07,21,28,1-4
1212,3,16,2024-04-26,28,29,2-1
1213,3,23,2024-12-14,34,24,4-4
1214,3,30,2023-05-25,31,39,0-0
1215,3,26,2023-07-03,32,22,3-3
1216,3,37,2024-07-30,22,38,2-1
1217,3,32,2024-03-07,28,40,0-0
1218,3,35,2024-03-16,28,34,0-5
1219,3,33,2023-08-20,26,34,2-5
1220,3,22,2024-07-10,34,23,0-0
1221,3,5,2023-04-12,36,24,4-4
1222,3,26,2025-01-22,28,23,3-3
1223,3,9,2024-10-16,40,37,0-1
1224,3,15,2023-05-25,22,34,4-4
1225,3,40,2023-05-09,32,35,5-0
1226,3,27,2023-12-02,21,30,1-2
1227,3,6,2025-01-16,22,35,3-1
1228,3,10,2023-04-20,30,35,2-2
1229,3,36,2024-09-07,36,29,3-4
1230,3,21,2023-11-18,24,39,1-5
1231,3,27,2024-01-07,25,39,4-2
1232,3,40,2023-06-10,25,23,2-1
1233,3,39,2024-03-21,33,21,3-5
1234,3,25,2025-01-09,25,40,3-2
1235,3,18,2023-10-17,33,28,3-3
1236,3,37,2023-12-12,23,35,4-1
1237,3,22,2024-03-01,24,31,5-1
1238,3,19,2023-09-27,33,23,2-2
1239,3,11,2024-01-29,40,32,2-3
1240,3,2,2023-05-05,36,30,1-0
1241,3,22,2023-07-26,33,35,3-5
1242,3,31,2025-01-25,38,39,4-3
1243,3,36,2023-11-10,37,36,3-4
1244,3,7,2023-12-18,34,36,5-5
1245,3,23,2025-02-02,29,38,4-5
1246,3,20,2025-01-11,23,37,5-2
1247,3,22,2023-10-06,28,32,0-5
1248,3,32,2023-04-16,29,31,2-3
1249,3,3,2023-08-22,32,40,5-2
1250,3,19,2023-10-04,21,27,2-2
1251,3,9,2024-06-29,31,27,1-3
1252,3,34,2023-05-27,22,27,0-0
1253,3,19,2024-01-02,31,30,3-2
1254,3,36,2024-08-05,38,34,3-5
1255,3,20,2024-11-12,26,22,3-3
1256,3,18,2024-12-12,24,28,3-4
1257,3,39,2023-12-22,28,30,2-3
1258,3,12,2024-02-08,37,32,3-2
1259,3,2,2024-07-22,38,31,2-4
1260,3,26,2025-02-01,26,32,3-3
1261,3,9,2023-04-02,23,40,0-1
1262,3,8,2024-07-08,40,23,4-4
1263,3,22,2024-01-24,37,31,4-1
1264,3,10,2024-03-25,40,28,0-5
1265,3,6,2024-02-01,36,27,3-2
1266,3,39,2024-07-29,24,40,3-0
1267,3,38,2024-08-01,21,38,0-5
1268,3,34,2024-10-25,22,39,5-5
1269,3,33,2023-07-10,25,35,5-0
1270,3,29,2024-06-10,23,34,1-2
1271,3,38,2023-10-03,37,25,4-3
1272,3,36,2023-11-25,34,23,3-5
1273,3,40,2023-05-02,30,21,5-2
1274,3,24,2024-11-21,23,21,0-2
1275,3,32,2025-02-01,38,23,4-3
1276,3,23,2024-09-20,21,34,5-4
1277,3,37,2023-11-22,27,26,5-1
1278,3,17,2025-01-10,33,35,4-4
1279,3,9,2024-03-04,34,22,5-5
1280,3,26,2024-09-12,39,27,5-0
1281,3,3,2024-08-15,40,37,1-3
1282,3,13,2023-07-21,39,27,5-3
1283,3,18,2024-01-15,26,23,4-3
1284,3,21,2023-04-26,28,32,0-4
1285,3,33,2023-10-13,40,36,0-4
1286,3,13,2024-09-11,30,39,0-4
1287,3,10,2025-01-07,21,24,3-4
1288,3,12,2023-05-15,38,37,2-5
1289,3,27,2024-11-10,30,40,1-0
1290,3,5,2023-09-03,23,37,4-5
1291,3,1,2024-05-19,31,37,1-0
1292,3,6,2023-12-06,32,27,1-5
1293,3,16,2023-11-13,32,26,5-5
1294,3,29,2024-11-23,23,39,0-1
1295,3,38,2023-07-23,24,22,4-5
1296,3,23,2023-12-05,23,32,0-1
1297,3,13,2024-11-23,27,22,5-4
1298,3,17,2024-05-20,25,21,1-1
1299,3,2,2023-10-25,32,38,1-5
1300,3,18,2023-07-20,31,34,1-3
1301,3,18,2024-06-27,32,27,2-4
1302,3,6,2024-07-31,30,23,4-1
1303,3,39,2025-01-08,25,39,4-1
1304,3,35,2023-06-11,21,30,5-0
1305,3,18,2023-06-10,34,22,0-5
1306,3,15,2023-12-01,34,35,5-3
1307,3,27,2023-09-06,21,33,3-2
1308,3,33,2023-07-31,24,38,0-2
1309,3,34,2024-04-29,39,28,5-4
1310,3,37,2023-05-08,21,35,3-0
1311,3,17,2024-11-30,39,23,0-4
1312,3,30,2024-04-08,23,33,1-0
1313,3,12,2024-05-28,27,25,1-5
1314,3,26,2024-09-12,34,24,5-2
1315,3,20,2023-04-24,39,21,5-5
1316,3,15,2024-06-29,39,26,0-4
1317,3,3,2024-02-03,24,39,2-1
1318,3,21,2023-11-14,33,31,5-2
1319,3,27,2024-04-14,30,40,4-1
1320,3,8,2023-11-29,35,28,4-0
1321,3,39,2024-10-23,29,28,4-1
1322,3,21,2024-08-21,38,30,4-5
1323,3,5,2024-04-03,37,24,0-5
1324,3,22,2024-03-04,29,27,0-4
1325,3,28,2024-07-17,25,32,2-0
1326,3,23,2024-01-31,25,39,1-1
1327,3,15,2023-05-09,33,37,5-4
1328,3,35,2023-04-27,27,31,4-4
1329,3,3,2023-08-30,38,23,2-1
1330,3,22,2024-06-17,31,27,1-2
1331,3,4,2024-06-09,32,36,2-1
1332,3,40,2024-03-13,38,24,1-1
1333,3,26,2024-09-10,25,23,4-0
1334,3,22,2023-11-04,25,40,3-0
1335,3,23,2024-02-03,33,35,3-0
1336,3,37,2024-02-20,34,29,4-3
1337,3,25,2023-06-12,23,30,5-5
1338,3,3,2023-09-13,21,37,4-4
1339,3,2,2025-01-10,30,28,2-2
1340,3,35,2024-12-16,23,22,3-0
1341,3,32,2024-04-17,40,36,2-5
1342,3,14,2024-01-07,40,25,4-4
1343,3,32,2024-03-04,35,27,0-0
1344,3,3,2023-06-07,22,30,4-2
1345,3,23,2023-07-26,27,29,3-0
1346,3,9,2024-03-27,30,35,1-1
1347,3,3,2023-12-31,35,33,3-5
1348,3,15,2023-04-21,23,33,5-3
1349,3,17,2023-05-11,31,34,3-0
1350,3,21,2024-11-12,38,24,5-4
1351,3,11,2024-04-07,23,21,2-3
1352,3,6,2023-10-15,23,25,4-3
1353,3,36,2024-12-17,28,23,5-2
1354,3,6,2023-07-19,29,30,3-0
1355,3,6,2024-05-27,25,40,2-5
1356,3,25,2024-02-19,27,29,1-1
1357,3,31,2023-09-14,25,32,2-3
1358,3,7,2024-02-13,21,34,4-3
1359,3,13,2025-02-02,34,40,2-5
1360,3,7,2024-03-27,22,33,5-2
1361,3,11,2023-08-13,30,21,3-3
1362,3,19,2024-06-25,28,35,1-5
1363,3,38,2024-11-09,34,29,5-1
1364,3,39,2024-07-02,37,33,1-5
1365,3,2,2024-08-27,37,35,4-1
1366,3,6,2024-12-20,29,39,4-3
1367,3,30,2023-06-29,28,33,4-0
1368,3,25,2024-07-07,32,36,2-0
1369,3,26,2023-06-30,25,40,1-1
1370,3,7,2023-11-09,40,26,1-0
1371,3,26,2024-06-08,37,21,1-5
1372,3,36,2023-04-23,40,31,4-2
1373,3,17,2023-11-11,27,29,2-2
1374,3,36,2023-12-15,38,29,2-0
1375,3,16,2024-09-29,26,38,4-2
1376,3,39,2024-12-26,33,36,3-1
1377,3,29,2024-09-18,30,26,1-5
1378,3,30,2023-07-12,31,37,1-1
1379,3,9,2023-08-01,36,23,5-2
1380,3,19,2024-02-24,26,37,4-2
1381,3,19,2023-12-15,29,37,2-2
1382,3,22,2024-09-26,33,27,1-1
1383,3,22,2023-11-23,28,27,0-2
1384,3,21,2024-11-11,38,36,0-1
1385,3,35,2024-01-07,27,22,0-0
1386,3,29,2023-08-24,39,24,0-2
1387,3,5,2023-05-20,23,21,4-0
1388,3,40,2023-06-25,26,25,3-0
1389,3,17,2023-09-15,40,28,1-3
1390,3,12,2024-10-31,27,34,5-1
1391,3,15,2024-11-06,21,28,4-0
1392,3,29,2024-05-29,22,32,4-2
1393,3,5,2023-09-04,37,36,0-1
1394,3,3,2023-04-02,35,30,1-0
1395,3,25,2023-07-06,33,24,1-3
1396,3,25,2024-08-20,26,30,3-5
1397,3,20,2024-08-24,22,27,2-1
1398,3,32,2023-07-13,27,40,0-2
1399,3,35,2023-11-21,23,40,4-0
1400,3,29,2023-10-09,28,32,4-0
1401,3,36,2024-12-29,24,38,3-1
1402,3,16,2023-11-14,23,37,1-2
1403,3,26,2024-02-05,23,25,2-2
1404,3,7,2024-02-02,25,30,4-3
1405,3,9,2024-08-23,22,30,1-0
1406,3,26,2024-01-11,27,28,2-3
1407,3,1,2023-12-30,34,25,1-1
1408,3,39,2024-05-29,27,40,5-0
1409,3,18,2024-05-18,27,35,1-4
1410,3,3,2024-08-13,25,23,5-5
1411,3,25,2023-07-21,38,36,4-4
1412,3,25,2024-08-23,31,32,3-5
1413,3,11,2023-10-27,40,24,5-3
1414,3,29,2023-11-29,33,31,3-1
1415,3,33,2023-06-04,22,30,5-3
1416,3,1,2024-03-08,40,30,5-0
1417,3,4,2024-12-24,29,34,3-1
1418,3,7,2023-05-23,29,38,5-2
1419,3,9,2023-03-27,34,22,2-0
1420,3,26,2023-03-27,34,39,3-1
1421,3,39,2023-12-17,26,27,0-2
1422,3,22,2023-07-21,27,39,2-4
1423,3,38,2023-05-02,32,21,4-5
1424,3,27,2024-10-06,30,21,2-1
1425,3,16,2023-10-16,39,31,3-3
1426,3,34,2024-06-06,34,33,5-0
1427,3,24,2024-08-03,23,38,3-3
1428,3,4,2025-01-08,35,40,1-5
1429,3,10,2024-08-14,27,36,0-5
1430,3,33,2024-09-23,29,32,2-1
1431,3,30,2023-12-02,24,23,5-2
1432,3,28,2024-08-05,33,25,3-1
1433,3,15,2024-07-21,40,35,0-2
1434,3,4,2023-05-04,30,35,4-4
1435,3,17,2023-06-13,25,28,0-5
1436,3,3,2023-07-30,36,31,0-2
1437,3,17,2024-07-22,38,23,0-5
1438,3,17,2025-01-02,25,21,4-1
1439,3,29,2023-10-24,39,33,1-4
1440,3,12,2024-04-18,39,24,5-3
1441,3,1,2023-11-15,39,33,4-5
1442,3,35,2025-02-01,35,32,2-1
1443,3,24,2024-12-22,34,23,5-0
1444,3,10,2023-07-01,21,30,2-1
1445,3,34,2023-04-11,23,27,3-3
1446,3,26,2024-03-10,37,26,4-1
1447,3,17,2024-09-27,32,37,3-1
1448,3,30,2024-08-23,32,37,2-2
1449,3,25,2023-12-19,32,24,3-3
1450,3,27,2023-11-16,32,37,1-2
1451,3,36,2023-10-20,29,38,0-5
1452,3,29,2023-04-09,21,33,5-5
1453,3,31,2023-11-21,26,39,2-0
1454,3,25,2024-09-23,34,32,3-5
1455,3,17,2023-10-27,26,25,5-2
1456,3,15,2024-05-14,36,21,5-4
1457,3,13,2023-12-26,30,35,0-5
1458,3,4,2023-10-05,28,26,3-3
1459,3,17,2024-02-08,21,26,5-0
1460,3,14,2024-04-04,31,37,5-4
1461,3,5,2023-12-15,26,27,0-3
1462,3,4,2024-04-10,27,34,4-0
1463,3,36,2023-08-01,35,32,5-3
1464,3,17,2025-01-15,37,32,2-3
1465,3,23,2024-03-20,39,26,4-5
1466,3,18,2024-09-28,26,32,5-4
1467,3,29,2023-10-18,36,22,4-2
1468,3,35,2024-09-02,25,39,5-0
1469,3,37,2024-03-19,40,23,4-1
1470,3,15,2024-12-08,23,29,2-2
1471,3,14,2023-06-08,33,38,3-2
1472,3,9,2023-06-05,22,21,3-4
1473,3,3,2023-12-15,37,26,0-2
1474,3,27,2024-06-30,38,37,4-4
1475,3,1,2023-05-06,30,40,0-2
1476,3,22,2023-10-10,29,33,4-2
1477,3,2,2023-06-03,38,31,2-2
1478,3,25,2024-04-14,24,32,5-0
1479,3,1,2024-11-23,28,35,4-5
1480,3,21,2024-05-06,39,30,0-1
1481,3,30,2023-08-12,31,39,2-4
1482,3,10,2023-08-20,27,22,4-1
1483,3,37,2023-10-25,33,37,5-0
1484,3,27,2023-08-28,27,30,1-4
1485,3,34,2023-06-03,31,34,3-2
1486,3,30,2023-07-09,31,28,5-2
1487,3,33,2024-01-04,22,30,4-3
1488,3,29,2023-06-25,33,23,2-1
1489,3,21,2024-04-10,29,32,4-3
1490,3,28,2023-07-04,28,29,4-2
1491,3,7,2024-06-11,40,23,1-0
1492,3,23,2024-07-05,34,37,4-5
1493,3,16,2024-11-05,29,21,4-2
1494,3,40,2025-01-17,38,32,2-0
1495,3,34,2023-08-23,29,23,2-2
1496,3,16,2024-03-19,26,23,1-2
1497,3,2,2023-12-29,36,34,4-0
1498,3,35,2023-04-14,27,36,3-0
1499,3,5,2024-07-10,27,31,2-2
1500,3,17,2024-04-03,29,22,2-1
1501,4,14,2023-09-04,28,29,5-0
1502,4,16,2024-11-13,30,29,4-3
1503,4,40,2023-12-27,29,37,3-0
1504,4,23,2025-01-13,35,25,1-2
1505,4,7,2024-11-06,37,32,1-0
1506,4,30,2024-09-18,31,36,5-2
1507,4,32,2025-02-20,25,35,4-4
1508,4,30,2024-05-04,34,31,2-1
1509,4,20,2024-07-04,36,29,4-3
1510,4,22,2024-05-30,34,37,0-4
1511,4,14,2023-08-12,30,23,3-4
1512,4,38,2025-03-31,35,21,4-2
1513,4,37,2024-09-04,22,25,0-5
1514,4,22,2024-10-18,26,39,3-4
1515,4,33,2023-07-25,34,22,0-2
1516,4,15,2023-12-19,22,30,3-5
1517,4,19,2024-09-28,34,37,3-0
1518,4,5,2024-02-25,28,32,4-2
1519,4,4,2025-05-13,40,39,4-0
1520,4,7,2023-11-16,39,38,2-2
1521,4,1,2024-03-23,40,24,0-5
1522,4,7,2023-05-15,36,35,0-5
1523,4,31,2024-03-20,26,28,0-2
1524,4,37,2024-09-04,27,39,1-3
1525,4,37,2024-09-03,32,40,2-0
1526,4,1,2023-04-30,35,25,1-4
1527,4,25,2023-12-10,25,30,1-0
1528,4,17,2024-01-22,38,40,5-5
1529,4,28,2023-09-05,24,21,4-0
1530,4,21,2023-06-19,40,27,1-4
1531,4,20,2023-05-08,21,33,0-1
1532,4,3,2025-01-04,39,25,1-3
1533,4,25,2023-06-24,38,34,4-4
1534,4,36,2025-04-26,29,32,5-5
1535,4,39,2023-05-06,26,22,0-5
1536,4,18,2024-05-04,29,35,1-1
1537,4,18,2023-11-18,32,37,4-3
1538,4,14,2025-04-25,40,28,5-2
1539,4,8,2025-05-02,30,37,2-3
1540,4,15,2023-08-18,28,22,0-4
1541,4,7,2025-05-02,28,36,5-2
1542,4,13,2024-01-16,30,23,0-4
1543,4,12,2024-03-30,27,24,4-0
1544,4,23,2023-09-10,27,23,4-1
1545,4,8,2025-02-05,21,38,3-5
1546,4,21,2024-04-26,29,36,2-2
1547,4,28,2025-06-05,33,25,4-1
1548,4,11,2024-10-20,37,39,0-2
1549,4,14,2024-03-10,22,40,3-1
1550,4,13,2024-04-01,24,37,3-2
1551,4,14,2025-03-19,37,40,3-2
1552,4,15,2023-07-13,28,35,4-2
1553,4,38,2023-08-09,30,38,1-4
1554,4,24,2025-05-18,22,40,2-1
1555,4,39,2024-03-15,29,34,2-3
1556,4,35,2025-03-28,32,33,1-1
1557,4,5,2025-03-31,38,29,0-1
1558,4,2,2023-06-26,27,28,4-1
1559,4,2,2024-03-29,36,26,1-1
1560,4,38,2023-08-15,32,36,1-2
1561,4,37,2024-08-25,26,22,2-4
1562,4,23,2023-07-16,29,35,4-1
1563,4,25,2023-11-18,24,37,4-4
1564,4,9,2024-05-22,31,25,5-0
1565,4,17,2025-02-12,21,35,1-0
1566,4,27,2025-01-01,32,31,3-0
1567,4,15,2024-02-26,25,32,4-5
1568,4,12,2024-11-01,24,27,1-0
1569,4,10,2025-06-02,39,38,3-1
1570,4,17,2025-03-26,31,34,4-0
1571,4,35,2024-08-28,25,26,0-3
1572,4,29,2024-02-19,22,32,1-4
1573,4,6,2025-03-07,21,39,3-1
1574,4,18,2024-04-28,38,35,1-4
1575,4,20,2023-11-22,26,31,5-5
1576,4,14,2023-05-01,37,27,5-2
1577,4,32,2024-11-19,21,25,4-1
1578,4,21,2025-04-30,30,37,1-1
1579,4,4,2024-10-15,22,24,2-1
1580,4,2,2024-02-07,36,38,4-2
1581,4,34,2025-05-28,30,26,3-1
1582,4,11,2025-03-21,31,33,1-4
1583,4,6,2025-01-20,35,33,0-1
1584,4,21,2024-04-01,28,35,5-5
1585,4,9,2023-06-13,27,25,4-4
1586,4,4,2025-05-21,35,26,2-5
1587,4,36,2025-05-03,39,32,3-4
1588,4,8,2023-05-04,26,40,0-2
1589,4,25,2024-12-11,26,35,0-2
1590,4,4,2024-10-21,27,38,4-4
1591,4,38,2024-10-01,25,24,3-0
1592,4,13,2024-04-26,23,29,0-2
1593,4,3,2025-03-09,24,27,5-3
1594,4,20,2023-10-06,30,36,0-3
1595,4,37,2024-12-31,26,22,2-1
1596,4,9,2025-04-02,22,23,1-4
1597,4,20,2023-08-19,33,34,2-3
1598,4,11,2024-09-11,39,32,0-3
1599,4,29,2023-10-17,38,26,5-4
1600,4,32,2024-04-28,33,23,5-1
1601,4,24,2024-12-06,37,32,0-1
1602,4,15,2025-03-17,32,33,1-2
1603,4,14,2025-03-20,23,33,0-1
1604,4,33,2024-12-07,40,33,1-3
1605,4,40,2023-06-13,32,23,1-4
1606,4,23,2024-02-28,36,29,0-3
1607,4,30,2025-01-05,23,29,5-4
1608,4,12,2024-09-26,33,21,0-2
1609,4,33,2024-06-14,32,35,0-0
1610,4,38,2023-12-24,21,33,0-5
1611,4,5,2024-07-19,40,33,0-4
1612,4,40,2024-06-08,40,24,1-0
1613,4,22,2024-07-27,23,35,4-2
1614,4,21,2024-06-01,35,37,1-4
1615,4,10,2024-06-27,33,37,4-3
1616,4,21,2023-08-13,38,32,3-3
1617,4,2,2024-11-25,38,23,1-2
1618,4,31,2023-08-06,37,24,3-1
1619,4,13,2023-08-12,36,38,3-4
1620,4,25,2023-09-22,26,38,0-4
1621,4,36,2025-01-19,25,29,1-0
1622,4,26,2024-03-27,23,34,0-0
1623,4,34,2023-08-03,27,30,2-1
1624,4,31,2023-11-06,34,25,2-2
1625,4,12,2024-10-17,29,22,0-0
1626,4,11,2024-01-04,39,38,2-1
1627,4,34,2024-10-29,21,32,4-2
1628,4,20,2024-12-05,21,33,3-4
1629,4,2,2024-05-09,37,27,1-2
1630,4,4,2023-09-26,36,31,1-5
1631,4,18,2024-07-05,37,38,4-2
1632,4,24,2023-12-22,36,35,4-3
1633,4,10,2024-02-08,36,39,1-0
1634,4,38,2024-09-16,21,25,4-3
1635,4,29,2024-02-02,39,29,0-0
1636,4,1,2024-06-19,38,28,0-1
1637,4,37,2023-08-27,28,39,5-1
1638,4,5,2023-10-13,39,32,2-1
1639,4,30,2023-09-16,32,40,5-5
1640,4,19,2024-11-14,22,27,4-2
1641,4,2,2024-12-16,27,28,3-2
1642,4,16,2024-08-18,37,31,4-1
1643,4,25,2024-03-07,28,26,2-1
1644,4,3,2024-06-30,34,39,2-0
1645,4,29,2024-05-02,37,24,0-3
1646,4,15,2024-11-13,40,28,3-5
1647,4,21,2024-02-23,40,22,5-0
1648,4,5,2023-05-09,27,23,4-1
1649,4,12,2024-01-22,31,39,5-1
1650,4,16,2023-05-11,22,23,5-1
1651,4,19,2025-02-03,22,40,3-0
1652,4,4,2024-08-16,23,29,4-2
1653,4,21,2023-09-29,36,31,4-5
1654,4,10,2023-06-12,33,36,4-0
1655,4,15,2024-11-07,31,22,5-3
1656,4,19,2024-06-01,35,29,5-2
1657,4,32,2024-11-25,36,38,4-3
1658,4,17,2023-06-03,22,25,4-4
1659,4,1,2023-08-15,39,27,5-0
1660,4,17,2023-10-12,30,29,5-4
1661,4,17,2025-04-12,38,23,1-2
1662,4,27,2025-04-08,27,23,5-2
1663,4,19,2025-03-16,22,38,4-5
1664,4,8,2024-10-09,25,37,0-0
1665,4,32,2024-07-15,31,28,1-4
1666,4,7,2024-07-11,39,30,1-0
1667,4,2,2025-03-18,37,34,0-3
1668,4,39,2024-12-12,33,32,2-3
1669,4,14,2024-03-20,26,32,2-0
1670,4,3,2024-07-06,39,35,3-1
1671,4,3,2023-12-31,27,33,2-3
1672,4,21,2023-11-28,23,28,3-1
1673,4,39,2025-04-02,26,28,1-0
1674,4,39,2024-04-26,26,36,5-2
1675,4,32,2024-12-22,26,23,1-2
1676,4,40,2024-10-06,26,29,0-3
1677,4,1,2023-07-08,35,24,1-1
1678,4,26,2023-10-17,32,25,0-2
1679,4,18,2023-11-10,40,25,4-2
1680,4,39,2023-06-07,28,29,2-4
1681,4,13,2025-01-11,26,34,5-5
1682,4,1,2024-06-15,21,36,4-3
1683,4,7,2023-11-24,31,29,5-0
1684,4,13,2025-02-01,30,24,1-5
1685,4,4,2025-04-01,40,35,3-2
1686,4,17,2025-03-28,27,36,4-0
1687,4,19,2023-12-10,34,31,2-1
1688,4,17,2025-05-21,27,28,3-3
1689,4,35,2024-11-22,36,25,0-4
1690,4,24,2023-10-02,23,33,5-1
1691,4,14,2024-12-28,31,28,3-1
1692,4,8,2024-02-26,34,40,4-2
1693,4,21,2023-09-03,33,22,2-1
1694,4,28,2024-09-11,36,24,5-0
1695,4,8,2023-10-04,26,31,3-1
1696,4,12,2023-05-05,26,29,5-3
1697,4,33,2024-10-30,29,39,2-2
1698,4,17,2023-12-23,39,32,2-0
1699,4,5,2024-12-31,34,30,1-3
1700,4,25,2024-03-05,32,28,0-2
1701,4,5,2025-01-22,24,28,1-0
1702,4,9,2024-10-26,34,23,5-5
1703,4,15,2024-07-30,31,23,1-1
1704,4,2,2024-11-20,23,26,4-3
1705,4,7,2025-02-01,27,33,5-1
1706,4,17,2024-09-13,30,37,3-3
1707,4,22,2024-04-28,27,22,0-5
1708,4,38,2025-02-18,26,27,3-5
1709,4,3,2024-03-06,22,21,5-0
1710,4,7,2024-04-16,34,30,4-3
1711,4,33,2025-03-21,30,32,2-1
1712,4,26,2024-09-26,26,37,1-3
1713,4,8,2024-10-27,36,25,3-0
1714,4,5,2023-06-18,34,35,3-2
1715,4,36,2025-02-20,40,38,5-3
1716,4,19,2024-09-21,39,32,3-4
1717,4,29,2023-08-15,24,39,5-5
1718,4,30,2023-11-18,26,32,0-5
1719,4,7,2023-11-13,34,23,0-1
1720,4,1,2023-12-18,30,22,4-3
1721,4,32,2023-05-03,35,32,1-2
1722,4,14,2024-12-25,29,26,2-3
1723,4,36,2025-06-02,38,37,0-0
1724,4,3,2024-12-25,33,35,1-5
1725,4,22,2023-05-19,28,27,0-0
1726,4,23,2024-06-30,35,29,5-3
1727,4,3,2024-07-16,21,40,4-0
1728,4,18,2024-11-07,24,34,2-3
1729,4,37,2023-07-05,39,21,3-5
1730,4,5,2024-02-25,23,29,0-1
1731,4,5,2025-04-23,27,23,2-1
1732,4,20,2024-12-12,37,33,2-2
1733,4,11,2024-12-20,36,38,1-4
1734,4,33,2024-01-10,23,21,5-5
1735,4,40,2025-01-30,23,32,3-1
1736,4,38,2024-10-03,32,33,4-5
1737,4,14,2025-01-09,28,40,0-2
1738,4,40,2023-05-31,36,30,0-1
1739,4,27,2023-08-29,23,30,3-5
1740,4,36,2025-01-27,40,24,1-1
1741,4,25,2024-03-15,40,25,0-5
1742,4,9,2024-10-18,29,31,3-1
1743,4,21,2023-12-15,29,23,5-3
1744,4,36,2024-11-07,30,23,3-4
1745,4,2,2025-04-16,30,40,2-3
1746,4,16,2024-08-24,28,37,2-0
1747,4,35,2024-05-24,37,39,3-4
1748,4,8,2025-01-02,36,21,0-2
1749,4,33,2025-01-04,40,34,4-2
1750,4,9,2025-05-15,26,39,2-2
1751,4,7,2025-02-02,21,34,0-3
1752,4,1,2023-12-01,21,36,5-3
1753,4,10,2025-04-06,21,40,3-4
1754,4,23,2023-11-16,37,36,1-1
1755,4,27,2024-03-18,36,40,4-1
1756,4,30,2024-02-22,28,39,1-5
1757,4,4,2023-08-03,29,26,0-5
1758,4,3,2024-05-24,39,35,1-5
1759,4,18,2024-12-29,21,30,1-4
1760,4,25,2023-08-03,32,35,0-2
1761,4,9,2024-11-21,39,37,2-5
1762,4,38,2023-07-12,40,32,1-2
1763,4,6,2024-10-24,22,25,1-1
1764,4,12,2025-05-04,25,31,1-1
1765,4,4,2024-08-18,24,31,5-1
1766,4,16,2023-09-23,40,35,4-0
1767,4,35,2024-03-15,26,33,2-4
1768,4,23,2024-12-06,24,32,4-3
1769,4,1,2024-09-20,33,28,5-3
1770,4,21,2023-12-19,29,26,0-5
1771,4,29,2025-01-18,38,34,4-3
1772,4,34,2023-05-18,38,27,0-4
1773,4,6,2024-01-29,33,40,4-0
1774,4,24,2025-03-28,37,30,5-2
1775,4,32,2024-05-04,25,39,2-2
1776,4,9,2023-10-10,30,26,5-4
1777,4,35,2023-08-29,34,29,2-1
1778,4,32,2024-05-09,37,24,5-1
1779,4,27,2023-12-14,39,26,3-4
1780,4,25,2024-02-22,28,23,2-2
1781,4,25,2025-05-07,29,33,4-2
1782,4,18,2023-08-07,32,29,2-1
1783,4,19,2025-03-14,31,28,2-5
1784,4,31,2024-09-28,25,21,4-3
1785,4,33,2024-11-20,29,23,1-4
1786,4,3,2024-08-11,33,22,0-0
1787,4,35,2024-06-29,21,30,4-3
1788,4,25,2024-08-29,33,40,5-4
1789,4,23,2025-03-05,23,28,4-1
1790,4,23,2023-10-25,35,30,5-1
1791,4,20,2023-07-02,36,25,2-4
1792,4,15,2023-08-24,35,39,2-5
1793,4,15,2024-01-31,35,27,4-5
1794,4,22,2025-06-04,35,26,4-4
1795,4,14,2023-10-25,25,23,1-3
1796,4,15,2024-08-02,35,33,1-3
1797,4,18,2023-11-18,26,32,2-0
1798,4,20,2023-09-19,38,27,3-1
1799,4,7,2024-10-03,40,22,3-5
1800,4,9,2023-09-11,39,26,1-1
1801,4,36,2025-05-04,34,30,2-1
1802,4,24,2024-12-17,35,40,0-0
1803,4,29,2024-09-11,28,38,5-2
1804,4,31,2024-04-15,39,31,1-1
1805,4,40,2023-10-16,33,23,1-5
1806,4,29,2024-03-26,32,40,0-3
1807,4,35,2023-07-18,24,28,1-0
1808,4,27,2023-07-04,40,26,4-2
1809,4,19,2024-11-07,31,37,1-3
1810,4,11,2024-05-03,38,35,0-5
1811,4,6,2023-12-02,38,36,3-5
1812,4,23,2023-07-02,33,26,0-2
1813,4,23,2023-10-28,33,21,4-4
1814,4,26,2023-06-27,31,21,0-1
1815,4,32,2024-09-22,35,31,1-4
1816,4,2,2025-01-27,34,38,1-4
1817,4,25,2025-03-30,25,22,0-0
1818,4,22,2024-11-08,21,36,0-0
1819,4,23,2024-06-22,40,34,0-5
1820,4,31,2024-05-04,37,38,2-2
1821,4,12,2024-10-08,35,31,3-2
1822,4,30,2023-07-27,22,34,0-3
1823,4,34,2024-04-01,23,31,2-1
1824,4,24,2024-01-06,33,32,4-4
1825,4,23,2023-07-23,35,23,1-5
1826,4,34,2024-09-22,33,40,0-0
1827,4,29,2024-06-28,23,36,5-5
1828,4,38,2023-06-05,36,24,4-1
1829,4,38,2023-12-14,37,34,2-3
1830,4,29,2024-03-17,33,38,5-1
1831,4,34,2024-10-27,37,21,1-5
1832,4,3,2025-04-16,27,23,4-3
1833,4,33,2024-05-02,27,38,1-4
1834,4,30,2024-06-01,33,39,1-1
1835,4,20,2024-03-11,37,40,2-0
1836,4,21,2025-02-01,28,27,3-2
1837,4,19,2024-05-13,38,31,2-2
1838,4,32,2024-05-12,24,28,2-3
1839,4,19,2024-10-23,29,24,5-3
1840,4,7,2023-11-22,39,33,2-3
1841,4,21,2024-06-21,40,33,0-4
1842,4,35,2025-05-21,26,35,0-5
1843,4,27,2023-06-12,35,32,0-0
1844,4,5,2024-01-02,31,21,3-5
1845,4,20,2024-08-18,29,25,3-3
1846,4,21,2024-06-23,34,32,5-2
1847,4,19,2025-01-31,37,27,3-3
1848,4,33,2023-11-09,22,23,0-0
1849,4,4,2023-12-05,35,37,3-1
1850,4,20,2025-01-13,22,34,4-0
1851,4,28,2023-06-05,27,40,5-1
1852,4,4,2024-08-20,38,29,3-3
1853,4,25,2024-09-09,35,26,5-0
1854,4,30,2023-07-20,27,26,1-1
1855,4,16,2024-07-16,37,25,2-4
1856,4,21,2025-04-02,38,33,2-5
1857,4,5,2023-04-28,32,26,3-3
1858,4,18,2024-10-08,21,25,5-5
1859,4,29,2024-02-06,37,23,5-0
1860,4,28,2023-12-02,25,28,1-2
1861,4,28,2024-07-09,34,32,1-1
1862,4,31,2024-12-30,30,27,2-3
1863,4,22,2024-11-10,36,24,2-4
1864,4,21,2024-08-12,31,27,1-0
1865,4,40,2024-04-20,27,31,0-0
1866,4,16,2024-07-01,26,23,1-1
1867,4,4,2023-05-11,38,34,4-4
1868,4,23,2023-08-20,22,25,2-5
1869,4,13,2024-05-03,31,27,1-0
1870,4,38,2024-06-20,25,36,2-4
1871,4,5,2023-05-20,23,37,5-4
1872,4,9,2023-08-03,37,24,1-4
1873,4,3,2024-09-28,27,33,3-2
1874,4,29,2025-02-10,22,21,2-5
1875,4,35,2023-07-23,34,26,3-3
1876,4,25,2025-05-20,36,31,3-0
1877,4,3,2025-04-29,26,32,5-0
1878,4,12,2023-06-10,36,40,0-5
1879,4,8,2025-04-19,36,24,3-3
1880,4,12,2024-08-07,28,21,0-3
1881,4,31,2023-11-22,39,28,3-2
1882,4,16,2024-04-10,32,33,1-3
1883,4,35,2024-03-04,24,30,5-0
1884,4,36,2024-12-10,21,38,2-3
1885,4,12,2023-06-27,27,30,0-4
1886,4,27,2024-11-05,35,22,3-3
1887,4,9,2023-12-05,38,33,5-0
1888,4,40,2024-03-30,26,40,0-3
1889,4,35,2023-11-29,35,38,1-0
1890,4,27,2025-01-07,33,24,2-2
1891,4,37,2023-09-26,30,32,0-1
1892,4,8,2023-11-23,36,33,3-2
1893,4,6,2024-03-05,26,29,1-2
1894,4,3,2024-11-09,31,24,0-0
1895,4,8,2025-03-06,35,39,2-2
1896,4,40,2024-12-31,28,36,0-4
1897,4,1,2025-05-22,32,36,5-3
1898,4,15,2023-08-20,28,21,0-2
1899,4,27,2023-07-20,27,35,5-4
1900,4,16,2023-11-25,37,38,3-5
1901,4,20,2023-12-02,25,31,3-4
1902,4,21,2024-01-05,39,22,2-4
1903,4,29,2025-04-21,32,31,0-3
1904,4,35,2024-08-24,38,32,2-2
1905,4,23,2024-02-14,35,37,3-3
1906,4,27,2023-11-22,38,37,1-5
1907,4,5,2023-05-04,40,32,2-3
1908,4,19,2024-08-12,28,23,1-3
1909,4,16,2024-03-05,25,34,5-3
1910,4,11,2023-05-08,30,40,5-4
1911,4,34,2024-03-12,27,26,2-2
1912,4,17,2023-07-01,32,31,5-0
1913,4,5,2024-08-05,35,31,4-1
1914,4,21,2025-02-23,39,25,5-1
1915,4,36,2024-10-09,32,37,1-4
1916,4,38,2025-05-29,28,25,4-3
1917,4,26,2023-11-20,27,22,5-3
1918,4,37,2024-11-25,21,32,3-0
1919,4,4,2024-02-22,21,33,3-0
1920,4,16,2024-03-03,28,31,0-3
1921,4,6,2025-03-25,24,28,5-4
1922,4,38,2023-12-14,27,30,4-5
1923,4,18,2024-03-11,33,35,0-3
1924,4,9,2023-09-16,32,24,5-0
1925,4,7,2024-11-28,32,23,0-1
1926,4,6,2023-10-28,40,21,2-1
1927,4,37,2024-01-05,25,33,4-5
1928,4,19,2024-06-23,21,23,3-4
1929,4,10,2025-03-29,23,33,4-3
1930,4,34,2023-05-18,38,28,1-5
1931,4,34,2025-03-14,33,37,2-1
1932,4,15,2023-12-24,40,22,5-1
1933,4,34,2024-05-13,32,23,2-1
1934,4,31,2024-08-16,22,38,0-4
1935,4,20,2023-05-23,39,27,4-4
1936,4,14,2024-06-23,34,36,5-2
1937,4,20,2024-04-09,24,34,2-4
1938,4,6,2025-02-22,25,27,1-0
1939,4,18,2025-04-16,31,37,2-0
1940,4,35,2023-12-28,38,34,2-2
1941,4,11,2023-11-30,34,36,3-1
1942,4,38,2024-12-20,25,38,1-3
1943,4,10,2024-09-29,26,23,2-4
1944,4,13,2025-03-26,27,28,1-4
1945,4,22,2023-06-20,37,38,3-0
1946,4,31,2024-04-28,28,26,1-5
1947,4,10,2024-02-24,34,27,3-5
1948,4,36,2023-07-16,34,36,5-2
1949,4,11,2024-12-21,34,25,3-0
1950,4,2,2024-05-16,39,23,1-2
1951,4,26,2024-10-24,37,36,1-2
1952,4,39,2023-08-31,31,26,0-0
1953,4,7,2024-02-25,21,40,5-2
1954,4,28,2025-05-18,35,38,1-0
1955,4,21,2023-05-15,29,25,0-0
1956,4,11,2023-05-24,23,21,2-2
1957,4,6,2025-03-25,31,24,1-4
1958,4,40,2024-07-01,37,33,3-5
1959,4,10,2023-11-16,28,37,2-5
1960,4,26,2023-06-23,28,21,4-0
1961,4,1,2024-10-22,39,26,0-3
1962,4,20,2023-09-02,32,24,3-5
1963,4,5,2025-05-10,26,30,5-4
1964,4,1,2023-08-19,34,23,0-5
1965,4,3,2023-07-01,23,28,1-2
1966,4,7,2025-03-20,27,29,1-5
1967,4,21,2025-04-11,35,33,5-1
1968,4,21,2023-06-19,22,37,0-1
1969,4,36,2024-02-10,23,25,4-2
1970,4,40,2023-12-04,35,27,3-3
1971,4,19,2023-07-21,37,31,3-3
1972,4,8,2024-12-18,28,29,4-1
1973,4,16,2023-08-14,24,27,0-0
1974,4,2,2024-05-29,39,24,3-5
1975,4,26,2025-02-10,27,30,5-0
1976,4,37,2025-01-13,23,39,2-4
1977,4,10,2024-04-06,37,22,3-3
1978,4,11,2023-05-10,31,40,2-5
1979,4,1,2024-11-24,30,37,2-5
1980,4,36,2023-08-09,30,23,4-1
1981,4,34,2023-08-11,21,22,2-1
1982,4,18,2024-08-28,39,28,3-5
1983,4,20,2024-06-17,27,39,3-5
1984,4,18,2025-05-18,39,22,1-0
1985,4,20,2024-09-16,30,39,0-4
1986,4,12,2025-04-24,31,35,5-4
1987,4,34,2024-08-29,34,30,0-1
1988,4,8,2025-04-11,22,26,0-2
1989,4,14,2024-04-25,39,36,5-1
1990,4,36,2023-10-08,38,35,2-0
1991,4,34,2023-07-13,27,39,0-0
1992,4,16,2023-09-26,36,34,1-2
1993,4,1,2024-09-12,23,38,4-3
1994,4,31,2024-06-13,31,26,2-5
1995,4,24,2024-05-16,22,31,4-3
1996,4,38,2024-08-17,30,22,4-2
1997,4,25,2023-10-31,37,29,5-1
1998,4,21,2025-04-22,21,35,4-0
1999,4,18,2024-11-04,27,26,5-4
2000,4,21,2024-02-04,29,35,5-2
2001,5,1,2024-07-01,17,26,2-1
2002,5,16,2025-04-26,40,13,3-4
2003,5,10,2025-02-13,20,36,0-5
2004,5,37,2025-01-23,39,19,5-3
2005,5,24,2025-02-22,14,5,0-5
2006,5,5,2024-10-26,15,26,2-4
2007,5,1,2024-07-30,24,26,3-0
2008,5,4,2025-02-01,30,18,2-1
2009,5,22,2024-12-06,20,22,0-1
2010,5,31,2025-02-22,35,29,1-3
2011,5,17,2025-02-16,1,29,5-0
2012,5,36,2025-03-11,2,35,3-4
2013,5,38,2024-07-30,6,38,4-3
2014,5,34,2024-08-02,21,24,4-0
2015,5,8,2025-02-16,5,24,0-3
2016,5,8,2024-11-18,11,2,3-5
2017,5,9,2024-09-19,13,33,1-3
2018,5,8,2024-09-30,37,4,1-5
2019,5,5,2025-05-21,3,7,4-5
2020,5,35,2024-12-28,35,29,1-1
2021,5,7,2024-07-17,22,23,1-4
2022,5,17,2025-02-08,10,13,5-5
2023,5,31,2025-05-08,33,15,5-2
2024,5,29,2024-12-18,40,3,2-4
2025,5,1,2025-06-03,11,15,1-0
2026,5,24,2025-05-15,33,11,4-1
2027,5,34,2025-02-09,30,32,2-2
2028,5,17,2025-06-07,17,4,2-5
2029,5,7,2024-07-27,12,30,4-5
2030,5,8,2024-08-13,22,40,1-2
2031,5,12,2025-05-22,26,1,1-5
2032,5,25,2025-05-24,10,2,4-0
2033,5,31,2024-06-26,11,25,3-1
2034,5,5,2024-08-07,13,17,3-1
2035,5,12,2024-09-25,27,25,2-1
2036,5,26,2024-12-25,11,25,4-5
2037,5,28,2025-07-01,11,23,3-1
2038,5,32,2024-08-16,28,14,0-0
2039,5,6,2025-03-09,32,8,2-2
2040,5,22,2025-02-20,15,3,5-0
2041,5,8,2024-05-19,33,39,1-5
2042,5,17,2024-11-27,22,23,3-3
2043,5,20,2024-05-13,25,34,4-2
2044,5,15,2024-11-30,27,28,1-3
2045,5,5,2024-09-17,32,34,1-2
2046,5,26,2025-05-10,24,3,3-5
2047,5,17,2024-08-09,35,7,0-3
2048,5,12,2024-12-09,29,24,1-1
2049,5,22,2024-07-20,31,27,0-1
2050,5,28,2025-02-01,13,9,4-0
2051,5,33,2025-06-19,12,9,0-0
2052,5,31,2025-05-03,31,37,3-5
2053,5,30,2025-05-20,36,9,1-2
2054,5,35,2024-06-05,37,15,5-5
2055,5,15,2024-05-15,3,15,4-2
2056,5,11,2024-07-31,27,34,3-5
2057,5,40,2024-11-10,20,35,1-3
2058,5,31,2025-03-22,7,2,4-1
2059,5,22,2025-04-07,12,22,2-3
2060,5,39,2025-02-12,36,25,1-2
2061,5,17,2024-12-22,1,14,5-2
2062,5,34,2024-12-10,6,24,5-4
2063,5,9,2025-01-07,11,26,4-3
2064,5,1,2024-10-21,28,25,3-2
2065,5,11,2024-10-05,29,24,5-4
2066,5,18,2024-11-19,33,9,5-5
2067,5,14,2025-05-16,3,8,5-5
2068,5,29,2024-06-05,25,13,0-3
2069,5,32,2024-07-08,20,32,1-2
2070,5,18,2025-04-20,17,18,5-4
2071,5,28,2024-09-19,32,25,2-3
2072,5,39,2024-07-19,2,26,4-0
2073,5,1,2024-09-20,40,35,5-2
2074,5,5,2024-11-10,18,28,3-1
2075,5,21,2024-10-19,23,20,5-4
2076,5,27,2024-12-05,9,7,2-2
2077,5,40,2024-10-11,14,37,4-0
2078,5,21,2025-02-17,26,21,0-2
2079,5,27,2025-01-15,18,10,0-0
2080,5,22,2024-10-05,34,1,1-0
2081,5,34,2024-11-25,25,33,0-3
2082,5,9,2024-06-12,30,17,0-3
2083,5,22,2024-06-06,17,6,3-0
2084,5,8,2024-05-19,9,14,2-4
2085,5,18,2025-02-07,6,36,4-4
2086,5,3,2024-07-12,4,34,1-3
2087,5,30,2024-06-19,4,26,2-0
2088,5,21,2025-04-01,18,40,5-4
2089,5,26,2025-05-30,37,26,5-4
2090,5,28,2024-11-16,31,33,3-0
2091,5,38,2024-10-09,40,13,2-0
2092,5,11,2024-06-14,38,20,3-2
2093,5,16,2024-05-30,30,2,1-5
2094,5,20,2025-06-15,21,38,0-3
2095,5,13,2024-05-22,32,14,1-1
2096,5,4,2024-06-26,2,37,4-2
2097,5,4,2024-12-15,34,25,2-4
2098,5,21,2024-07-27,9,20,1-0
2099,5,6,2025-01-02,2,11,4-4
2100,5,38,2024-12-11,28,15,5-5
2101,5,14,2025-04-28,7,16,5-5
2102,5,33,2024-07-13,1,15,4-0
2103,5,1,2024-09-01,6,37,5-1
2104,5,16,2025-04-22,11,1,4-5
2105,5,12,2025-06-15,4,15,1-0
2106,5,11,2024-11-30,40,38,1-3
2107,5,33,2025-01-15,6,23,4-5
2108,5,40,2025-02-10,36,40,3-1
2109,5,29,2025-06-06,9,2,3-1
2110,5,36,2025-03-04,11,27,2-4
2111,5,11,2024-05-16,36,5,0-4
2112,5,22,2025-02-05,36,20,1-5
2113,5,2,2025-06-30,22,9,4-2
2114,5,9,2024-09-13,17,23,0-2
2115,5,9,2025-01-15,23,7,4-4
2116,5,35,2024-09-30,24,9,4-3
2117,5,16,2025-03-23,34,38,2-4
2118,5,32,2024-09-21,11,16,2-4
2119,5,28,2025-01-05,21,25,1-4
2120,5,1,2025-02-12,36,38,0-2
2121,5,19,2024-09-06,29,15,0-0
2122,5,16,2024-06-17,32,30,0-5
2123,5,34,2024-08-15,11,7,2-3
2124,5,3,2024-07-27,17,33,5-0
2125,5,14,2025-04-06,9,6,2-4
2126,5,10,2024-06-08,1,17,1-5
2127,5,32,2024-09-20,8,13,0-1
2128,5,25,2025-01-02,40,5,0-1
2129,5,14,2025-03-11,12,40,3-1
2130,5,18,2024-10-12,5,24,0-3
2131,5,28,2024-05-13,16,21,2-0
2132,5,39,2024-10-13,15,23,5-0
2133,5,23,2024-05-26,4,39,3-0
2134,5,31,2024-12-08,14,20,4-2
2135,5,13,2025-05-30,8,13,4-5
2136,5,14,2024-11-17,1,6,4-5
2137,5,16,2024-06-23,32,14,4-3
2138,5,38,2025-01-09,20,12,1-2
2139,5,39,2024-06-26,29,27,4-0
2140,5,24,2024-05-30,23,8,5-1
2141,5,18,2024-09-14,26,10,5-5
2142,5,2,2024-06-02,32,5,0-3
2143,5,23,2025-04-07,1,9,4-5
2144,5,30,2025-05-18,9,27,1-3
2145,5,28,2025-01-23,38,27,3-5
2146,5,37,2025-02-27,23,21,3-1
2147,5,6,2025-02-06,17,3,2-3
2148,5,29,2025-01-11,35,24,1-1
2149,5,25,2024-06-26,15,9,4-2
2150,5,11,2025-05-29,37,32,1-0
2151,5,34,2025-06-10,24,34,2-0
2152,5,38,2024-06-24,24,27,5-5
2153,5,27,2025-01-22,11,7,4-0
2154,5,5,2024-11-18,15,1,5-1
2155,5,36,2025-05-20,10,6,0-4
2156,5,12,2024-06-19,16,1,4-4
2157,5,2,2024-08-06,32,20,1-4
2158,5,22,2025-02-23,14,39,5-3
2159,5,7,2025-05-12,25,1,4-1
2160,5,38,2024-12-10,32,34,2-4
2161,5,6,2024-07-09,13,12,3-2
2162,5,28,2024-11-01,33,13,3-4
2163,5,34,2024-08-07,17,35,4-3
2164,5,17,2024-11-18,2,22,0-4
2165,5,39,2024-06-10,32,7,3-0
2166,5,2,2024-09-09,4,29,3-4
2167,5,36,2024-12-12,32,40,3-4
2168,5,18,2025-02-12,17,16,0-1
2169,5,38,2025-04-02,38,7,4-5
2170,5,36,2025-02-24,34,26,3-2
2171,5,26,2024-09-13,27,18,3-3
2172,5,6,2025-03-28,10,25,5-3
2173,5,37,2024-07-08,22,36,1-1
2174,5,22,2024-06-20,11,5,0-5
2175,5,33,2025-01-18,26,39,5-2
2176,5,21,2024-11-02,22,32,0-5
2177,5,16,2025-02-02,12,31,1-2
2178,5,6,2024-06-23,2,30,2-5
2179,5,13,2025-06-26,17,12,2-3
2180,5,7,2024-10-23,30,18,2-5
2181,5,10,2025-01-29,3,37,1-4
2182,5,27,2025-04-03,9,15,4-5
2183,5,40,2024-09-04,21,27,0-2
2184,5,19,2024-11-21,13,2,5-2
2185,5,32,2025-03-28,6,16,4-0
2186,5,36,2024-12-30,29,16,0-4
2187,5,38,2024-07-06,25,22,1-5
2188,5,17,2024-07-28,32,26,5-5
2189,5,27,2024-10-24,37,31,3-4
2190,5,26,2025-04-18,2,18,3-0
2191,5,25,2024-08-14,10,22,2-0
2192,5,1,2025-03-14,32,39,1-1
2193,5,39,2024-11-16,36,9,3-4
2194,5,11,2025-01-12,4,19,5-3
2195,5,30,2024-11-01,20,32,3-2
2196,5,9,2025-06-15,23,37,1-3
2197,5,22,2024-12-02,26,24,5-4
2198,5,37,2025-02-12,7,8,1-5
2199,5,40,2025-03-02,8,24,0-2
2200,5,40,2024-05-26,27,40,0-2
2201,5,14,2024-12-11,37,34,5-0
2202,5,24,2024-07-10,18,9,5-5
2203,5,30,2024-06-22,16,11,0-2
2204,5,37,2025-06-29,2,7,0-4
2205,5,11,2024-11-04,36,30,5-0
2206,5,6,2024-06-14,12,18,0-0
2207,5,30,2025-03-20,14,7,1-3
2208,5,12,2025-01-11,40,26,4-3
2209,5,28,2024-08-09,33,23,0-2
2210,5,5,2024-05-26,1,31,1-3
2211,5,22,2024-11-17,26,33,2-5
2212,5,2,2024-05-19,3,34,4-2
2213,5,40,2024-12-28,36,33,3-1
2214,5,5,2025-05-16,14,11,0-4
2215,5,18,2025-05-13,24,22,4-2
2216,5,25,2025-05-05,34,2,2-3
2217,5,26,2024-10-18,8,3,2-0
2218,5,17,2025-04-30,8,31,2-1
2219,5,16,2025-06-06,1,16,2-5
2220,5,15,2024-05-17,2,24,4-3
2221,5,11,2024-09-08,5,38,4-4
2222,5,38,2024-08-12,18,28,0-3
2223,5,40,2024-06-22,6,19,2-5
2224,5,40,2024-09-15,7,37,5-3
2225,5,17,2025-05-11,8,35,5-4
2226,5,24,2025-06-11,22,5,2-2
2227,5,17,2025-04-18,14,40,2-0
2228,5,15,2024-05-18,14,23,1-2
2229,5,33,2024-10-19,6,26,5-0
2230,5,12,2024-11-09,32,27,2-1
2231,5,1,2025-05-07,26,38,5-3
2232,5,31,2025-05-13,21,15,5-1
2233,5,39,2025-04-17,30,22,5-2
2234,5,16,2024-08-19,30,3,0-2
2235,5,25,2024-11-10,7,33,0-3
2236,5,40,2024-05-23,36,33,1-5
2237,5,27,2025-07-02,15,19,1-0
2238,5,15,2025-04-29,14,15,5-2
2239,5,28,2024-05-15,7,39,3-3
2240,5,40,2025-04-10,32,23,1-1
2241,5,40,2025-03-14,24,10,2-2
2242,5,36,2025-03-30,4,21,2-5
2243,5,12,2025-01-11,13,35,0-5
2244,5,12,2024-05-30,23,15,0-1
2245,5,35,2024-05-17,39,23,5-4
2246,5,17,2025-02-06,3,32,2-1
2247,5,28,2024-06-09,18,34,4-0
2248,5,28,2024-05-28,13,7,3-5
2249,5,38,2024-05-31,1,16,4-1
2250,5,22,2025-04-09,20,18,0-3
2251,5,7,2024-08-09,6,10,2-1
2252,5,20,2025-04-11,24,19,4-2
2253,5,29,2025-04-12,18,27,0-1
2254,5,19,2024-09-04,34,33,2-2
2255,5,34,2025-02-11,4,37,4-2
2256,5,31,2025-02-02,7,27,2-5
2257,5,28,2025-04-20,22,32,0-4
2258,5,28,2024-08-21,8,38,2-5
2259,5,1,2024-12-21,4,17,4-1
2260,5,7,2024-05-20,22,38,5-1
2261,5,32,2024-11-22,27,39,1-5
2262,5,31,2024-09-06,32,29,2-1
2263,5,38,2024-10-15,25,12,2-5
2264,5,12,2024-08-02,5,17,0-3
2265,5,5,2025-05-25,20,25,4-5
2266,5,18,2024-07-19,29,22,1-2
2267,5,11,2024-06-28,36,40,1-0
2268,5,30,2024-12-04,21,31,1-5
2269,5,36,2025-04-05,24,40,1-0
2270,5,23,2024-07-24,11,12,4-5
2271,5,36,2025-04-06,12,32,4-3
2272,5,25,2024-07-28,12,25,1-5
2273,5,33,2024-07-05,29,23,1-1
2274,5,20,2024-12-27,15,1,5-0
2275,5,22,2024-05-21,2,3,4-3
2276,5,9,2025-01-11,36,26,4-0
2277,5,29,2025-04-29,14,36,0-3
2278,5,35,2024-10-30,20,39,0-4
2279,5,12,2024-06-26,21,14,1-1
2280,5,24,2025-01-20,25,7,4-2
2281,5,17,2024-07-15,31,32,0-4
2282,5,5,2024-09-01,31,17,4-4
2283,5,18,2025-01-26,34,20,0-2
2284,5,22,2025-02-22,14,32,1-4
2285,5,34,2025-05-18,23,4,0-3
2286,5,18,2024-06-02,14,8,2-4
2287,5,26,2024-08-14,25,27,0-4
2288,5,23,2024-11-08,28,39,2-0
2289,5,27,2025-06-15,13,33,0-3
2290,5,19,2025-06-18,5,6,2-3
2291,5,11,2024-11-30,21,31,5-2
2292,5,29,2024-06-27,33,11,3-5
2293,5,16,2024-08-29,31,23,0-2
2294,5,34,2024-06-23,24,9,5-5
2295,5,23,2025-04-15,32,9,4-4
2296,5,37,2025-04-26,24,35,4-5
2297,5,13,2024-11-08,4,24,1-0
2298,5,15,2024-06-14,12,32,1-5
2299,5,6,2024-05-17,11,33,4-3
2300,5,34,2024-10-09,28,12,2-4
2301,5,32,2024-05-17,20,19,0-0
2302,5,23,2024-07-06,31,7,0-4
2303,5,38,2024-05-25,34,40,0-2
2304,5,9,2025-05-04,25,33,4-3
2305,5,16,2025-02-26,16,39,3-2
2306,5,29,2024-09-27,5,16,2-3
2307,5,1,2025-03-29,21,37,0-5
2308,5,19,2024-09-15,19,4,2-5
2309,5,30,2025-03-29,36,39,2-2
2310,5,39,2025-03-01,27,31,3-2
2311,5,39,2024-12-01,27,39,4-2
2312,5,20,2024-07-31,16,40,4-1
2313,5,19,2025-06-29,9,37,2-3
2314,5,17,2024-12-04,17,19,2-1
2315,5,21,2024-11-17,18,4,3-5
2316,5,17,2025-06-18,4,32,3-1
2317,5,8,2025-06-09,26,32,5-1
2318,5,19,2024-11-08,26,29,3-4
2319,5,17,2024-12-26,32,14,5-5
2320,5,36,2024-11-15,17,35,1-2
2321,5,6,2025-01-21,38,24,4-1
2322,5,14,2025-01-31,21,38,4-4
2323,5,9,2024-09-01,29,15,1-3
2324,5,30,2024-07-14,19,4,3-4
2325,5,14,2025-01-25,13,15,1-4
2326,5,32,2024-12-24,17,29,1-1
2327,5,6,2025-05-10,15,25,0-5
2328,5,17,2025-06-19,25,6,0-2
2329,5,25,2025-02-03,8,23,0-0
2330,5,25,2024-06-04,10,28,2-0
2331,5,30,2025-03-23,25,37,1-5
2332,5,20,2024-12-16,15,11,2-3
2333,5,16,2024-07-15,37,17,0-4
2334,5,35,2024-10-15,40,6,3-5
2335,5,17,2024-10-18,24,9,2-0
2336,5,10,2024-12-19,21,39,5-3
2337,5,9,2024-09-09,31,36,5-5
2338,5,3,2024-10-08,38,26,5-4
2339,5,21,2025-06-06,1,24,2-4
2340,5,34,2025-02-07,18,20,0-4
2341,5,19,2024-12-11,19,5,0-3
2342,5,8,2024-08-10,11,18,0-1
2343,5,27,2025-02-12,33,14,2-2
2344,5,30,2024-07-25,36,28,3-5
2345,5,9,2024-06-14,36,1,4-3
2346,5,6,2024-10-23,8,34,0-2
2347,5,2,2025-02-06,39,9,3-0
2348,5,23,2025-01-08,11,13,3-4
2349,5,38,2025-01-21,19,29,1-5
2350,5,26,2024-10-15,12,14,4-0
2351,5,20,2024-08-11,3,14,1-4
2352,5,17,2024-08-26,13,5,4-0
2353,5,17,2025-01-12,5,39,5-1
2354,5,8,2024-10-25,16,37,5-1
2355,5,6,2025-04-22,35,24,5-4
2356,5,6,2024-12-16,14,1,3-3
2357,5,40,2024-08-29,32,31,2-2
2358,5,9,2024-09-16,24,39,0-1
2359,5,29,2025-02-27,40,29,3-4
2360,5,29,2024-05-28,2,21,5-0
2361,5,9,2025-04-18,40,39,4-0
2362,5,10,2025-04-04,26,31,4-1
2363,5,17,2025-06-30,32,24,1-2
2364,5,21,2024-08-08,22,21,2-5
2365,5,36,2025-03-26,22,29,4-3
2366,5,33,2024-08-22,4,5,1-3
2367,5,18,2025-04-04,39,35,5-1
2368,5,14,2024-11-19,15,40,2-0
2369,5,13,2024-09-06,21,27,0-2
2370,5,13,2024-11-05,4,29,3-4
2371,5,25,2024-12-25,9,33,2-0
2372,5,14,2025-03-16,23,38,1-1
2373,5,30,2025-04-12,25,33,0-2
2374,5,1,2024-08-12,21,16,2-3
2375,5,19,2025-03-08,27,40,5-5
2376,5,2,2024-05-26,14,25,3-0
2377,5,1,2024-12-10,30,24,3-1
2378,5,30,2024-12-22,39,24,1-2
2379,5,16,2024-09-15,18,25,1-3
2380,5,20,2024-09-14,30,18,3-2
2381,5,5,2024-06-10,38,35,2-1
2382,5,10,2025-01-07,32,29,2-5
2383,5,35,2025-03-16,33,12,5-4
2384,5,13,2024-07-06,4,34,1-0
2385,5,12,2024-05-19,23,24,0-2
2386,5,10,2024-10-25,11,9,3-1
2387,5,9,2024-11-22,9,29,5-0
2388,5,28,2025-04-09,27,24,4-0
2389,5,23,2024-12-06,15,10,3-3
2390,5,6,2025-04-06,2,39,4-0
2391,5,36,2024-11-12,29,36,3-3
2392,5,1,2024-08-22,1,4,1-0
2393,5,6,2024-07-10,6,29,3-4
2394,5,31,2025-02-20,5,4,0-1
2395,5,39,2025-02-09,36,18,0-2
2396,5,20,2024-05-27,9,1,4-0
2397,5,33,2024-12-11,17,9,5-2
2398,5,13,2025-01-16,21,2,2-4
2399,5,14,2024-09-20,23,40,2-4
2400,5,5,2025-04-27,34,7,1-2
2401,5,38,2024-06-19,21,11,2-1
2402,5,27,2024-10-01,38,31,3-2
2403,5,20,2024-08-08,26,8,0-4
2404,5,32,2024-08-23,8,4,2-4
2405,5,31,2024-07-31,22,10,2-2
2406,5,1,2025-05-22,11,13,3-2
2407,5,38,2025-05-01,26,5,4-5
2408,5,24,2025-01-25,40,15,3-2
2409,5,39,2024-10-26,23,37,1-0
2410,5,13,2024-06-12,6,21,1-4
2411,5,20,2025-02-21,38,4,4-3
2412,5,37,2025-01-28,2,22,1-1
2413,5,21,2024-09-05,39,23,5-3
2414,5,26,2024-12-25,10,32,2-4
2415,5,37,2024-10-23,5,7,1-5
2416,5,17,2024-07-10,31,14,4-3
2417,5,28,2025-05-01,13,25,2-3
2418,5,38,2025-06-26,10,37,2-2
2419,5,40,2025-02-06,26,5,3-5
2420,5,14,2025-06-16,38,19,2-5
2421,5,31,2025-05-08,17,6,5-5
2422,5,31,2025-06-03,23,24,2-1
2423,5,9,2025-01-16,32,30,2-1
2424,5,5,2024-12-26,11,2,2-0
2425,5,20,2024-10-31,27,3,3-5
2426,5,32,2025-04-14,7,17,0-2
2427,5,14,2024-06-06,10,17,3-0
2428,5,14,2025-01-17,13,17,4-2
2429,5,13,2025-06-03,22,17,3-0
2430,5,10,2024-09-30,4,30,4-1
2431,5,34,2024-10-26,28,34,5-4
2432,5,29,2024-12-23,35,20,5-0
2433,5,39,2024-06-07,34,12,4-2
2434,5,30,2024-07-23,5,10,2-2
2435,5,30,2025-03-06,16,40,1-3
2436,5,4,2025-06-21,1,11,4-4
2437,5,17,2025-03-18,15,1,0-2
2438,5,1,2025-04-20,4,5,5-2
2439,5,18,2024-08-20,23,16,2-4
2440,5,24,2025-04-14,19,7,1-1
2441,5,8,2025-02-10,28,25,5-2
2442,5,9,2025-05-13,8,19,2-2
2443,5,39,2025-02-03,35,14,0-3
2444,5,32,2024-11-07,26,21,3-3
2445,5,6,2024-06-10,9,3,4-5
2446,5,21,2024-12-22,14,16,3-5
2447,5,39,2024-06-25,3,39,2-0
2448,5,14,2025-02-13,35,11,0-3
2449,5,36,2024-12-08,9,29,4-5
2450,5,22,2024-10-23,1,38,5-5
2451,5,22,2025-06-01,14,36,0-0
2452,5,27,2024-11-08,27,34,3-3
2453,5,21,2025-01-03,29,18,0-3
2454,5,8,2025-06-23,29,26,4-2
2455,5,10,2025-05-28,20,6,1-1
2456,5,27,2025-01-18,30,35,4-1
2457,5,22,2024-05-14,4,33,1-1
2458,5,38,2024-10-10,5,30,3-3
2459,5,22,2024-10-27,2,5,1-0
2460,5,5,2025-06-20,37,22,1-0
2461,5,21,2024-11-24,6,19,4-3
2462,5,26,2024-09-16,6,17,2-3
2463,5,5,2025-02-26,33,34,1-1
2464,5,12,2025-06-26,6,10,2-1
2465,5,8,2024-09-18,1,3,2-0
2466,5,22,2024-10-10,19,17,4-4
2467,5,30,2025-01-31,37,18,3-2
2468,5,11,2025-06-14,31,21,3-5
2469,5,29,2025-05-16,5,29,0-1
2470,5,40,2024-10-22,17,38,4-4
2471,5,19,2025-06-23,25,22,4-0
2472,5,5,2025-05-03,5,35,3-1
2473,5,29,2024-09-07,16,26,4-4
2474,5,24,2025-04-10,11,35,4-1
2475,5,33,2025-06-27,22,7,1-1
2476,5,29,2024-05-29,40,19,3-5
2477,5,36,2024-06-30,32,12,5-0
2478,5,35,2025-01-19,16,11,0-2
2479,5,16,2025-04-05,13,27,0-1
2480,5,32,2024-12-19,15,2,1-1
2481,5,26,2025-03-17,26,7,4-3
2482,5,18,2024-05-15,11,2,0-5
2483,5,9,2025-06-04,36,7,0-0
2484,5,28,2025-03-03,3,18,4-5
2485,5,10,2025-06-14,38,30,2-1
2486,5,18,2024-06-11,2,29,4-2
2487,5,39,2024-10-19,36,12,0-3
2488,5,10,2025-02-16,31,40,5-0
2489,5,7,2024-07-02,23,37,0-4
2490,5,20,2024-07-02,25,32,5-0
2491,5,25,2025-05-26,33,17,5-0
2492,5,29,2024-11-11,26,30,0-1
2493,5,25,2024-12-24,17,26,0-2
2494,5,26,2025-02-17,31,16,1-5
2495,5,21,2024-07-08,28,30,3-3
2496,5,15,2024-12-04,10,12,1-0
2497,5,8,2024-11-21,28,38,5-4
2498,5,14,2024-08-24,17,33,3-0
2499,5,37,2024-12-16,26,27,1-2
2500,5,8,2024-05-12,35,14,1-4
